-- phpMyAdmin SQL Dump
-- version 4.7.4
-- https://www.phpmyadmin.net/
--
-- Servidor: 127.0.0.1
-- Tiempo de generación: 25-09-2017 a las 21:11:23
-- Versión del servidor: 10.1.26-MariaDB
-- Versión de PHP: 7.1.9

SET SQL_MODE = "NO_AUTO_VALUE_ON_ZERO";
SET AUTOCOMMIT = 0;
START TRANSACTION;
SET time_zone = "+00:00";


/*!40101 SET @OLD_CHARACTER_SET_CLIENT=@@CHARACTER_SET_CLIENT */;
/*!40101 SET @OLD_CHARACTER_SET_RESULTS=@@CHARACTER_SET_RESULTS */;
/*!40101 SET @OLD_COLLATION_CONNECTION=@@COLLATION_CONNECTION */;
/*!40101 SET NAMES utf8mb4 */;

--
-- Base de datos: `programcion`
--

-- --------------------------------------------------------

--
-- Estructura de tabla para la tabla `aprendices`
--

CREATE TABLE `aprendices` (
  `id_aprendiz` int(11) NOT NULL,
  `nombre` varchar(30) COLLATE utf8_spanish_ci NOT NULL,
  `apellido` varchar(30) COLLATE utf8_spanish_ci NOT NULL,
  `estado` varchar(11) COLLATE utf8_spanish_ci NOT NULL,
  `documento` int(20) NOT NULL,
  `correo` varchar(50) COLLATE utf8_spanish_ci NOT NULL,
  `id_ficha` int(11) NOT NULL
) ENGINE=InnoDB DEFAULT CHARSET=utf8 COLLATE=utf8_spanish_ci;

-- --------------------------------------------------------

--
-- Estructura de tabla para la tabla `fichas`
--

CREATE TABLE `fichas` (
  `id_ficha` int(11) NOT NULL,
  `num_ficha` int(11) NOT NULL,
  `id_programa` int(11) NOT NULL
) ENGINE=InnoDB DEFAULT CHARSET=utf8 COLLATE=utf8_spanish_ci;

-- --------------------------------------------------------

--
-- Estructura de tabla para la tabla `juegos`
--

CREATE TABLE `juegos` (
  `id_juego` int(11) NOT NULL,
  `nom_juego` varchar(30) COLLATE utf8_spanish_ci NOT NULL
) ENGINE=InnoDB DEFAULT CHARSET=utf8 COLLATE=utf8_spanish_ci;

--
-- Volcado de datos para la tabla `juegos`
--

INSERT INTO `juegos` (`id_juego`, `nom_juego`) VALUES
(1, 'Teotia de sistemas'),
(2, 'POO'),
(3, 'Base de Datos'),
(4, 'JavaScript'),
(5, 'PHP'),
(6, 'HTML5'),
(7, 'algoritmia');

-- --------------------------------------------------------

--
-- Estructura de tabla para la tabla `preguntas`
--

CREATE TABLE `preguntas` (
  `id_pregunta` int(11) NOT NULL,
  `pregunta` varchar(500) COLLATE utf8_spanish_ci NOT NULL,
  `id_juego` int(11) NOT NULL
) ENGINE=InnoDB DEFAULT CHARSET=utf8 COLLATE=utf8_spanish_ci;

--
-- Volcado de datos para la tabla `preguntas`
--

INSERT INTO `preguntas` (`id_pregunta`, `pregunta`, `id_juego`) VALUES
(1, '¿Que es un sistema?', 1),
(2, '¿Quién  es Ludwing Von Bertalanffy?', 1),
(3, '¿Cómo pueden ser los atributos de un sistema?', 1),
(4, '¿En cuánto se dividen los sistemas?', 1),
(5, '¿cuál es la salida de un sistema que va dirigida al mismo sistema?', 1),
(6, '¿Cuáles son las funciones básicas de un sistema?', 1),
(7, '¿cuáles  son los parámetros de los sistemas?', 1),
(8, '¿cuáles son las características de los sistemas?', 1),
(9, '¿En qué consiste un sistema?', 1),
(10, '¿Qué es la teoría de los sistemas?', 1),
(11, ' ¿la teoría de sistemas surgió basada en los trabajos de?', 1),
(12, '¿Que busca la teoría de los sistemas?', 1),
(13, '¿Es una de las 3 premisas básicas de la teoría de los sistemas?', 1),
(14, '¿Es un principio de la teoría de sistemas?', 1),
(15, '¿La teoría de los sistemas posee un carácter?', 1),
(16, '¿Es un tipo de sistema?', 1),
(17, ' ¿ No es un representante de la teoría de los sistemas?', 1),
(18, '¿ No son tipos de sistemas?', 1),
(19, '¿Cómo pueden clasificarse los sistemas?', 1),
(20, ' ¿según Kenneth Ewart Boulding cuál es el enfoque de la teoría de sistemas?', 1),
(21, ' ¿Qué es sistema fisico?', 1),
(22, ' ¿ Qué es un subsistema?', 1),
(23, ' ¿ Qué es un Suprasistema?', 1),
(24, ' ¿ Cual es uno de los objetivos originales de teoría de sistemas ?', 1),
(25, ' ¿ Elementos claves para definición correcta de un sistema?', 1),
(26, '¿Clasificación de los sistemas?', 1),
(27, '¿Cuál es el sistema que combina a los otros dos clases de sistemas?', 1),
(28, '¿Qué significa la sigla TGS?', 1),
(29, '¿una de las condiciones para que pueda existir un sistema?', 1),
(30, '¿Que son relaciones?', 1),
(31, '¿Que es secuencia?', 1),
(32, '¿Entre los tipos de sistemas, cuál es el que considera mucho más la  suma de sus partes?', 1),
(33, '¿Que es metodo?', 1),
(34, '¿Qué es enfoque epistemológico?', 1),
(35, '¿Cuál es el medio que rodea externamente al sistema?', 1),
(36, '¿Qué es un enfoque empírico?', 1),
(37, '¿En que influyen los atributos en la operación de los sistemas?', 1),
(38, '¿Que es un sistema cerrado?', 1),
(39, '¿De qué se compone el proceso total de un sistema?', 1),
(40, '¿Que es un sistema abierto?', 1),
(41, '¿cuál es la función de una frontera?', 1),
(42, '¿cuál fue el  economista que llegó  a revolucionar el pensamiento que estaba establecido sobre los sistemas?', 1),
(43, '¿De acuerdo a su constitución como pueden ser los sistemas?', 1),
(44, '¿Que es homeostasia?', 1),
(45, '¿Según su naturaleza los sistemas pueden ser?', 1),
(46, '¿Qué es un sistema Abstracto?', 1),
(47, '¿Qué es una  entropía?', 1),
(48, '¿En qué año se planteó la teoría de los sistema?', 1),
(49, '¿Qué es equifinalidad?', 1),
(50, '¿Qué es cibernetica?', 1),
(51, '1- ¿Cuál es la descripción que crees que define mejor el concepto clase en la programación orientada a objetos?', 2),
(52, '2- ¿Qué elementos crees que definen a un objeto?', 2),
(53, '3- ¿Qué código de los siguientes tiene que ver con la herencia?', 2),
(54, '4- ¿Qué significa instanciar una clase?', 2),
(55, '5- ¿Qué es Eclipse?', 2),
(56, '6- ¿Qué es el bytecode en Java?', 2),
(57, '7- ¿Qué significa sobrecargar (overload) un método?', 2),
(58, '8- ¿Qué es una excepción?', 2),
(59, '9- Dado el siguiente fragmento de código, cuál es el resultado del comando java test 2:\r\n\r\nPublic class test {\r\nPublic static void main (String args []) {\r\nInteger intObj=Integer.valueOf (args [args.length-1]); int i = intObj.intValue ();\r\n\r\nIf (args.Length > 1) System.out.println (i);\r\nIf (args.Length > 0)\r\nSystem.out.println (i-1); \r\n Else\r\nSystem.out.println (i - 2);\r\n}\r\n}\r\n', 2),
(60, '10- ¿Según el texto de la bibliografía básica de la asignatura, indique cuál de las siguientes afirmaciones es Incorrecta?', 2),
(61, '11- ¿Cuál de las siguientes es una palabra reservada en Java?:', 2),
(62, '12- ¿Cuál de las siguientes instrucciones compila sin provocar un warning o un error?', 2),
(63, '13- ¿Cuál de los siguientes no es un identificador válido en Java?', 2),
(64, '14- Dada la declaración de las siguientes variables, indicar cuáles de ellas son correctas.', 2),
(65, '15- Respecto a los bucles, indique cuál de las siguientes afirmaciones es falsa:', 2),
(66, '16- Dado el siguiente fragmento de código, indique cuál de las siguientes afirmaciones es el resultado de su ejecución:\r\nPublic class Test\r\n{\r\nPublic static void main (String args [])\r\n{\r\nChar c = -1; System.out.println(c);\r\n}\r\n}\r\n', 2),
(67, '17- Según la bibliografía básica, ¿Qué elementos cree que definen a un objeto?', 2),
(68, '18- De acuerdo a la bibliografía básica ¿Qué significa instanciar una clase?', 2),
(69, '19- Según el texto de la bibliografía básica de la asignatura, indique cuál de las siguientes afirmaciones es correcta:', 2),
(70, '20- ¿Cuál de las siguientes sentencias son correctas? (1) int w = (int) 888.8;\r\n(2)	byte x = (byte)1000L;\r\n(3)	long y = (byte) 100;\r\n(4)	byte z = (byte) 100L;\r\n', 2),
(71, '21- ¿Cuál es el resultado de ejecutar el siguiente código?\r\n\r\nPublic class Ejemplo\r\n{\r\nPrivate int i= dameJ(); private int j=10;\r\n\r\nPrivate Int dameJ ()\r\n{\r\nReturn j;\r\n}\r\n\r\nPublic static void main (String [] args)\r\n{\r\nSystem.out.println ((new Ejemplo ()).i);\r\n}\r\n}\r\n', 2),
(72, '22- ¿Cuál es el resultado de ejecutar el siguiente código?\r\n\r\nPublic class Ejemplo\r\n{\r\nPrivate Int i=j; private int j=10;\r\nPublic static void main (String [] args)\r\n{\r\nSystem.out.println ((new Ejemplo ()).i);\r\n}\r\n}\r\n', 2),
(73, '23- Dado el siguiente fragmento de código, indica cuál de las siguientes afirmaciones es correcta en relación al valor de la variable foo.\r\n\r\nNúmero de Línea	Código\r\n4	int index = 1;\r\n5	boolean[] test = new boolean[3];\r\n6	boolean foo = test [index];\r\n', 2),
(74, '24- Indique el resultado de ejecutar el siguiente código que se muestra a continuación:\r\n\r\nNúmero de Línea	Código\r\n4	public class test {\r\n5	public static void add3 (Integer i) {\r\n6		int val = i.intValue();\r\n7		val += 3;\r\n8		i = new Integer (val);\r\n9		}\r\n10		public static void main (String args[]) {\r\n11		Integer i = new Integer (0);\r\n12		add3 (i);\r\n13		System.out.println (i.intValue ( ) );\r\n14		}\r\n15	}	\r\n', 2),
(75, '25- Según el texto de la bibliografía básica de la asignatura, indique cuál de las siguientes afirmaciones es correcta:', 2),
(76, '26- Según el texto de la bibliografía básica de la asignatura, indique cuál de las siguientes afirmaciones es correcta:', 2),
(77, '27- Según el texto de la bibliografía básica de la asignatura, indique cuales de las siguientes expresiones resultan verdaderas:\r\n1. !( 4 < 5 )\r\n2. (2 > 2) || ((4 == 4) && (1 < 0))\r\n3. (2 > 2) || (4 == 4) && (1 < 0)\r\n4. (2 > 2) || !( (4 == 4) && ( 1 < 0 ) )\r\n5. (34! = 33) && ! False\r\n', 2),
(78, '28- Dadas las siguientes expresiones, indica cuál de las opciones es la correcta.\r\n1.	(1 > 1) && (1 > 1) == (1 > 1) == false\r\n2.	(1 == 1) | (10 > 1) == true | true == true\r\n', 2),
(79, '29- Según el texto de la bibliografía básica de la asignatura, indique cuál de las siguientes afirmaciones es correcta:', 2),
(80, '30- Según el texto de la bibliografía básica de la asignatura, el alcance de una variable…', 2),
(81, '31- De acuerdo a la bibliografía básica, ¿Cuál es la descripción que crees que define mejor el concepto clase en la programación orientada a objetos?', 2),
(82, '32- Según el texto de la bibliografía básica de la asignatura, indique cuál de las siguientes afirmaciones es correcta:', 2),
(83, '33- Según el texto de la bibliografía básica de la asignatura, indique cuál de las siguientes afirmaciones es correcta:', 2),
(84, '34- Dado el siguiente código, el resultado será: class MiClase {public int valor;} class Test {\r\nPublic static void main (String [] args) {MiClase a1 = new MiClase ();\r\nMiClase a2 = new MiClase (); MiClase a3 = new MiClase (); a1.valor=150;\r\na2.valor=150; a3 = a2;\r\nif (a1 == a2) { System.out.println(\" UNO\");} if (a1 == a3) { System.out.println(\" DOS\");} if (a2 == a3) { System.out.println(\" TRES\");}\r\n\r\n}\r\n\r\n}\r\n', 2),
(85, '35- Dado el siguiente fragmento de código, indica cuál de las siguientes afirmaciones es correcta en relación al valor de la variable foo.\r\n\r\nNúmero de Línea	Código\r\n4	int index = 1;\r\n5	boolean[] test = new boolean[3];\r\n6	boolean foo = test [index];\r\n', 2),
(86, '36- Según el texto de la bibliografía básica de la asignatura, indique cuál de las siguientes afirmaciones es correcta:', 2),
(87, '37- Indique cuál de las siguientes afirmaciones es falsa:', 2),
(88, '38- Sea la siguiente definición de clase:\r\n\r\nPublic class ClaseA {\r\nPublic ClaseA (String s) {System.out.print (\"Construyendo Clase A.\") ;}\r\n}\r\n\r\nY la siguiente definición de una subclase:\r\n\r\nPublic class ClaseB extends ClaseA {\r\n\r\nPublic ClaseB (String s) {System.out.print (\"Construyendo Clase B.\"); super(s) ;}\r\n\r\nPublic static void main (String [] args) {new ClaseB (\"Objeto Clase B\"); System.out.println (\" \");\r\n}\r\n}\r\n', 2),
(89, '39- ¿Cuál de las siguientes afirmaciones es cierta al ejecutar el código?\r\n\r\n', 2),
(90, '40- Dados las siguientes definiciones de clases:\r\n\r\nPublic abstract class Disparo {protected int velocidad=10; abstract public void disparar ();\r\n}\r\n\r\nPublic class DisparoUFO extends Disparo {public void disparar () {\r\nthis.velocidad=20; \r\nSystem.out.println (\"Dispara la nave\");\r\n}\r\n}\r\n\r\nPublic class DisparoNave extends Disparo {public void disparar () {\r\nthis.velocidad=10; \r\nSystem.out.println (\"Dispara la nave\");\r\n}\r\n}\r\nPublic class TestUFO {\r\nPublic static void main (String [] args) {Disparo ', 2),
(91, '41- Dada la siguiente definición de clase, ¿Cuál sería el contenido más coherente a implementar en el constructor?\r\n\r\nclass Test {\r\nint var;\r\nTest(int var) { CONTENIDO CONSTRUCTOR }\r\n}\r\n', 2),
(92, '42- De acuerdo a la bibliografía básica ¿Qué significa sobrecargar un método?', 2),
(93, '43- Dado el siguiente fragmento de código que pretende mostrar un ejemplo de sobrescritura:\r\n\r\nclass Examen {\r\nprivate float pregunta = 1.0f ;\r\nprotected float getNota () {return pregunta;}\r\n}\r\n\r\nclass Test extends Examen { private float nota = 2.0f;\r\n//Insertar código aquí\r\n\r\n}\r\n\r\nIndique cual de las siguientes opciones completaría el código anterior para dar lugar a un ejemplo correcto de sobrescritura:\r\n', 2),
(94, '44- Dadas las siguientes expresiones, indica cuál de las opciones es la correcta.\r\n\r\n1.	(1 > 1) && (1 > 1) == (1 > 1) == false\r\n2.	(1 == 1) | (10 > 1) == true | true == true\r\n', 2),
(95, '45-¿Cuál es la salida del siguiente código?\r\n\r\n5. int x = 5 * 4 % 3;\r\n6.	System.out.println(x);\r\n', 2),
(96, '46-¿Cuál es la salida del siguiente código?\r\n\r\n3. int x = 10, y = 3;\r\n4. if(x % y == 2)\r\n5.	System.out.print(“dos”);\r\n6.	System.out.print(x%y); 7. if(x%y == 1)\r\n8.	System.out.print(“uno”);\r\n', 2),
(97, '47- Dado el siguiente código, ¿cuál es su resultado?\r\nNúmero de Línea	Código\r\n4	class Top {\r\n5	public Top(String s) { System.out.print(\"B\"); }\r\n6	}\r\n7	public class Bottom2 extends Top {\r\n8	public Bottom2(String s) { System.out.print(\"D\"); }\r\n9	public static void main(String [] args) {\r\n10	Bottom2 obj=new Bottom2(\"C\");\r\n11	System.out.println(\" \");\r\n12	}\r\n13	}\r\n', 2),
(98, '48- Dada la siguiente clase Prueba:\r\n\r\npublic class Prueba {\r\npublic static void main(String[] args) {\r\nArrayList < Integer > valores = new ArrayList < Integer > (); valores.add(4);\r\nvalores.add(5); valores.set(1, 6); valores.remove(0); for(Integer v : valores) {\r\nSystem.out.print(v);\r\n}\r\n}\r\n\r\n}\r\n\r\nAl ejecutar el código obtendremos:\r\n', 2),
(99, '49- Según el texto de la bibliografía básica de la asignatura, indique cuál de las siguientes afirmaciones es correcta:', 2),
(100, '50- Según el texto de la bibliografía básica de la asignatura, indique cuál de las siguientes afirmaciones es correcta:', 2),
(101, '¿Cuáles son los gestores de base de datos más comunes en el campo de la informática? Encuentra  de los gestores de base de datos.', 3),
(102, 'Sabemos que en inglés tabla es table…. En una base de datos se elimina una tabla con la cláusula..., encuentra la representación de cómo eliminar una tabla.', 3),
(103, 'Encuentra la sigla de Lenguaje de consulta estructurada en inglés.', 3),
(104, 'Encuentra la mascota  del software libre de SGBD Mysql.', 3),
(105, 'Busca el nombre del usuario predefinido con privilegios más común en un Gestor de base de datos.', 3),
(106, 'Gracias a esto es con lo que se identifica de manera única cada fila de una tabla.', 3),
(107, 'Encuentra lo que representa las 3 cosas que componen una tabla… fila-Columna-Registro.', 3),
(108, 'Necesitamos encontrar las cláusulas que pertenecen a una sentencia de acción, nos dicen que son 3 y son aquellas que no devuelven ningún registro, son las encargadas de acciones como añadir y borrar y modificar registros.', 3),
(109, 'El número máximo de registros que puede tener una base de datos está entre 10000 y 50000, debemos encontrar el número exacto en este caso.', 3),
(110, 'Encuentra el tipo de dato que representa una fecha y hora en una base de datos.', 3),
(111, 'Se utiliza para establecer un vínculo entre los datos de dos tablas y se referencia con una llave.', 3),
(112, 'Clausula que permite actualizar un grupo de registros de una o más tablas.', 3),
(113, 'Cláusula que permite agregar nuevos Registros a una o más Tablas.', 3),
(114, 'Es la acción que se refiere a almacenar algo o a dejar constancia de ello en algún tipo de documento.', 3),
(115, 'Es el modelo más utilizado actualmente para implementar las BD ya planificadas.', 3),
(116, 'Si deseo almacenar la información de manera más eficiente debe Norm…”, 3), (“Son aquellas que almacenan fuentes primarias BD de texto.', 3),
(117, 'Complete la cláusula que permite traer todos los registros de una tabla.', 3),
(118, 'Encuentra el número máximo que puede tener una base de datos.', 3),
(119, 'Es el número máximo de caracteres que puede contener un campo.', 3),
(120, 'Es un sistema de gestión de bases de datos.', 3),
(121, 'Encuentra una de las ventajas de una base de datos.', 3),
(122, 'Las siglas de Sistema gestor de base de datos es:', 3),
(123, 'Un campo es la mínima unidad de información a la que se puede acceder, encuentra todas las imágenes que representan un campo:', 3),
(124, '¿Cómo se crea una base de datos en SKL?', 3),
(125, 'Tipo de campo que permite almacenar mayor cantidad de información', 3),
(126, 'Tipo de campo que permite almacenar mayor cantidad de información.', 3),
(127, 'Es aquella consulta que nos permite borrar un grupo de Registros de una o más Tablas.', 3),
(128, 'Una base de dato de solo lectura.', 3),
(129, 'Encuentra la sentencia que nos permite crear una tabla nueva.', 3),
(130, 'Encuentra las siglas de -Lenguaje de definición de datos-.', 3),
(131, 'Se dice que es un conjunto de registro relacionados.', 3),
(132, 'Es aquel conjuntos de metadatos que te muestra un contenido sobre características de datos que se utilizaran para cuando estés desarrollando, qué es?', 3),
(133, 'Son campos que contienen datos que pertenecen a una misma entidad.', 3),
(134, 'Conceptualmente orientadas es un conjunto de herramientas que se utiliza para describir una base de datos.', 3),
(135, 'Es un conjunto de ficheros relacionados.', 3),
(136, 'Sirve para actualizar crear o borrar.', 3),
(137, 'Cláusula que sirve para seleccionar filas que están por actualizar o suprimir.', 3),
(138, 'Son bases de datos donde la información almacenada se modifica al tiempo.', 3),
(139, 'Este tipo de Consulta combina Campos de una o más Tablas u otras Consultas en un Campo de la Consulta que se está realizando.', 3),
(140, 'Permite utilizar la sentencia SELECT dentro de otra sentencia SELECT para realizar Consultas más complejas y refinadas', 3),
(141, 'Busca un ejemplo de una consulta Selectiva', 3),
(142, 'Existen dos tipos de base de datos según la variable de los datos almacenados, encuentralas', 3),
(143, 'Encuentra los tipos de base de datos segun el contenido.', 3),
(144, 'Base de datos Biologicas', 3),
(145, 'Como traer todos los registros de un campo específico en una tabla', 3),
(146, '¿Como importar una base da datos?', 3),
(147, '¿Como exportar una base de datos?', 3),
(148, '¿Qué es un registro en base da datos?', 3),
(149, 'Sirve para enumerar los datos y se utiliza para guardar información monetaria. Encuentra su icono.', 3),
(151, 'En JavaScript, ¿cómo se escribe un bucle for para contar desde 1 hasta 5?', 4),
(152, '¿Qué etiqueta de HTML se emplea para escribir código JavaScript?', 4),
(153, '¿En JavaScript, ¿cómo se escribe una sentencia condicional para comprobar que la variable i es igual a 5?', 4),
(154, '¿En JavaScript, ¿cómo se llama el método que comprueba una expresión regular y devuelve la cadena que la cumple?', 4),
(155, 'En JavaScript, ¿cómo se puede navegar a la página anterior en el historial de navegación?', 4),
(156, 'En JavaScript, ¿qué función se emplea para dividir una cadena en función de un separador?', 4),
(157, 'Según el DOM, todo en una página web es', 4),
(158, 'En JavaScript, ¿cómo se obtiene la versión del navegador?', 4),
(159, 'En JavaScript, ¿cómo se pone un mensaje en la barra de estado del navegador?', 4),
(160, 'En un navegador web, para escribir algo en la consola se emplea', 4),
(161, 'En JavaScript, ¿cómo se llama el objeto que representa una expresión regular?', 4),
(162, 'En JavaScript, ¿cuál es la forma correcta de escribir la cadena Hola mundo en una página web?', 4),
(163, 'En JavaScript, para finalizar un bucle de tipo for se emplea', 4),
(164, 'En JavaScript, para acceder a una cookie se emplea', 4),
(165, '¿Dónde se puede insertar código JavaScript en un documento HTML?', 4),
(166, 'En JavaScript, ¿cómo se inserta un comentario que ocupa una línea?', 4),
(167, 'En JavaScript, el operador para concatenar cadenas es', 4),
(168, 'En JavaScript, ¿cómo se muestra una ventana con el mensaje Hola mundo!?', 4),
(169, 'JavaScript es un lenguaje de programación', 4),
(170, 'En JavaScript, ¿cómo se escribe una sentencia condicional para comprobar que la variable i es distinta de 5?', 4),
(171, 'En una página XHTML, ¿cuál es la forma correcta de hacer referencia a un fichero externo con código JavaScript llamado xxx.js?', 4),
(172, 'En JavaScript, ¿cómo se llama a una función llamada miFuncion?', 4),
(173, 'En JavaScript, ¿cómo se inserta un comentario que ocupa una línea?', 4),
(174, '¿Un fichero externo con código JavaScript debe contener obligatoriamente la etiqueta <script>?', 4),
(175, 'En JavaScript, ¿cómo se define una función llamada miFuncion?', 4),
(176, 'En JavaScript, ¿cómo se genera un número aleatorio?', 4),
(177, 'Respecto al final de instrucción en JavaScript', 4),
(178, 'En que  lugar se ejecuta generalmente el código JavaScript?', 4),
(179, 'Respecto a JavaScript y Java, se puede decir que', 4),
(180, 'En JavaScript, para obtener un carácter concreto de una cadena según su posición se emplea la función', 4),
(181, 'En JavaScript, ¿cómo se abre una ventana nueva del navegador?', 4),
(182, 'Para mostrar un mensaje por pantalla se suele usar la siguiente instrucción', 4),
(183, '¿Qué es una función anónima?', 4),
(184, 'Para obtener el elemento <div id=menú></div> se puede utilizar la función', 4),
(185, 'La compañía que inventó el lenguaje JavaScript fue', 4),
(186, 'Para determinar la longitud de una cadena de texto se utiliza el método', 4),
(187, '¿Qué operador se usa para conocer el tipo de una variable u objeto?', 4),
(188, 'En JavaScript, para darle el nombre a una variable, objeto o función, debemos tener en cuenta que:', 4),
(189, 'En JavaScript, ¿cuál es la forma correcta de crear un array?', 4),
(190, 'En JavaScript, ¿cómo se redondea el número 7.25 al entero más cercano?', 4),
(191, 'En JavaScript, ¿qué función se emplea para convertir una cadena a minúsculas?', 4),
(192, '¿Cuál de las siguientes afirmaciones sobre los arrays en JavaScript es falsa?', 4),
(193, 'En JavaScript, las posiciones de los caracteres de una cadena empiezan en?', 4),
(194, 'En JavaScript, ¿qué hace la sentencia break?', 4),
(195, 'En JavaScript, ¿cómo se calcula el máximo de los números 2 y 4?', 4),
(196, 'JavaScript fue diseñado por', 4),
(197, '¿Cuál es la instrucción usada para devolver un valor en una función?', 4),
(198, '¿Cuál de estas instrucciones está correctamente escrita en JavaScript?', 4),
(201, 'En PHP, ¿qué función se emplea para invertir una cadena?', 5),
(202, 'En PHP, cuando se crea una cookie. ¿Cuál es la duración o fecha de caducidad por defecto?', 5),
(203, '¿Cuáles son operadores de comparación?', 5),
(204, '¿Un constructor es un tipo especial de?', 5),
(205, '¿Qué información se almacena en la variable superglobal $_SERVER[¨HTTP_HOST¨]?', 5),
(206, '¿Qué valor imprime el siguiente código?.<?php $a = 1; {$a = 2;} echo $a; ?>', 5),
(207, '¿Cuál es la forma correcta de abrir una conexión con una base de datos ODBC?', 5),
(208, '¿Qué función se emplea para filtrar un dato?', 5),
(209, '¿En una aplicación web es importante validar en el lado del servidor porque?', 5),
(210, '¿En PHP y MySQL, la función mysql_error()?', 5),
(211, '¿El código PHP se escribe con los delimitadores?', 5),
(212, '¿En PHP, para comprobar que un fichero es un fichero normal se emplea?', 5),
(213, '¿Cómo se accede al valor de ¨d¨?. <?php $a = array( ¨a¨, 3 => ¨b¨,1 => ¨c¨,¨d¨);?>', 5),
(214, '¿En PHP5, cuando se quiere impedir que una clase se extendida, se emplea el modificador?', 5),
(215, '¿Qué función de PHP devuelve el resultado exclusivamente como un arrayasociativo?', 5),
(216, '¿En PHP, ¿qué información se almacena en la variable superglobal $_SERVER[¨REMOTE_ADDR¨]?', 5),
(217, '¿En PHP, las funciones de expresiones regulares que están obsoletas son?', 5),
(218, '¿Qué valor imprime el siguiente código?. <?php function increment($val) { return ++$val; } echo increment(1) + 1; ?>', 5),
(219, 'Respecto a PHP, señala la afirmación correcta', 5),
(220, 'En PHP, ¿qué se emplea para definir una constante?', 5),
(221, 'En PHP, ¿qué instrucción finaliza la ejecución del script si produce un error?', 5),
(222, 'En PHP, ¿cuál es el nombre del tipo de dato que permite almacenar múltiples valores separados?', 5),
(223, 'En PHP, ¿para buscar un elemento en un array se puede emplear?', 5),
(224, '¿Cuál de las siguientes expresiones regulares se empareja con la cadena ¨go.go.go¨?', 5),
(225, 'En PHP4, ¿qué característica de la orientación a objetos sí que existe?', 5),
(226, '¿Cómo se puede asegurar que una página web ha sido desarrollada con PHP?', 5),
(227, 'En PHP, ¿en teoría qué método de acceso a una base de datos debe proporcionar la máxima velocidad?', 5),
(228, 'En PHP, ¿qué funciones se emplean para abrir y cerrar una conexión a una base de datos ODBC?', 5),
(229, 'Suponiendo que el fichero ¨algo.txt¨ existe y posee contenido, ¿cuál es el resultado final de este código?. <?php  $output = file(¨algo.txt¨); ?>', 5),
(230, 'En PHP, ¿cuál es la forma correcta de incluir un fichero?', 5),
(231, '¿Qué función se emplea para convertir una cadena a minúsculas?', 5),
(232, 'En PHP, ¿cómo se crea una cookie?', 5),
(233, 'En PHP, ¿cuáles de las siguientes afirmaciones sobre el siguiente código es correcta?. <?php class A {} class B {} class C extends A, B {} ?>', 5),
(234, '¿Qué valor imprime el siguiente código?. <?php class MyException extends Exception {} try { throw new MyException(¨Oops!¨);} catch (Exception $e) {echo ¨Caught Exceptionn¨;} catch (MyException $e) {echo ¨Caught MyExceptionn¨;} ?>', 5),
(235, 'En PHP, ¿qué muestra el siguiente código?.<?php $perro= ¨Gato¨; $gato = &$perro; $gato = ¨Perro¨; echo $perro . ¨ ¨ . $gato; ?>', 5),
(236, '¿Qué valor imprime el siguiente código?<?php $a = array(¨a¨,¨b¨,¨c¨,0 => ¨d¨,1 => ¨e¨,¨f¨); echo count($a); ?>', 5),
(237, '.¿Qué significa PHP?', 5),
(238, 'En PHP, ¿cuál es el carácter que se emplea para finalizar una instrucción?', 5),
(239, 'En PHP, ¿qué es una variable superglobal?', 5),
(240, '¿Cúal es el caracter utilizado para separar instrucciones?', 5),
(241, '¿Para comentar varias lineas de código, se utiliza?', 5),
(242, 'Deseo asignar a la variable $esta_ok el valor verdadero. ¿Cúal es la forma correcta de hacerlo?', 5),
(243, '¿Cual de las siguientes nombres de variables no es válido?', 5),
(244, '¿Cual de las siguientes nombres de constantes no es válido?', 5),
(251, '1-¿Para qué sirve “drag and drop” en HTML5?', 6),
(252, '2- ¿Cuáles son los tipos de almacenamiento de HTML5?', 6),
(253, '3- ¿Cuál es la etiqueta de audio en HTML5?', 6),
(254, '4-¿Cuál de los siguientes es un elemento multimedia en HTML5?', 6),
(255, '5- ¿Qué es canvas en HTML?', 6),
(256, '6-Organiza como se debe iniciar una página web <title> | <html>  |  <body>  |  <head>  | <!DOCTYPE html> |', 6),
(257, '7- Según el estándar de páginas web ¿cual es el archivo que se abrirá en primer lugar al abrir una página?', 6),
(258, '8- ¿Cúal es la forma correcta de  agregar atributos de color a ciertas etiquetas?', 6),
(259, '9-¿Qué es un “Div” en HTML?', 6),
(260, '10- ¿Cómo se implementa una img en html?', 6),
(261, '11-¿cúal es la etiqueta para poner enlaces en HTML?', 6),
(262, '12-Según el estándar web ¿qué es mejor para organizar y decorar una pagina?', 6),
(263, '13-Según el estándar web ¿cúal es la forma más organizada para programar?', 6),
(264, '14- Organiza  el significado de las siglas de HTML, Lenguaje de Marcas de Hipertexto (ESP):Language|Markup|Hyper|Text|.', 6),
(265, '15- ¿Cuál es la ventaja de indentar?', 6),
(266, '16- ¿Los archivos html viejos trabajan en los nuevos navegadores?', 6),
(267, '17-¿Los hipervínculos sólo se pueden aplicar a textos?', 6),
(268, '18-¿Una imágen puede ser un hipervínculo?', 6),
(269, '19-¿Cómo se cambia el tipo de número en medio de una lista?', 6),
(270, '20-¿Cómo se cambia el color de la fuente en HTML?', 6),
(271, '21-¿Qué es “px” en HTML ?', 6),
(272, '22-¿Cuáles son los límites del tamaño del campo de texto?', 6),
(273, '23-¿Qué función cumplen “ Width” y “height” en algunas etiquetas de HTML?', 6),
(274, '24-¿Qué función cumplen “Top” y Botton” en algunas etiquetas de HTML?', 6),
(275, '25-¿Se pueden realizar más cosas en HTMl que solo páginas web estándar?', 6),
(276, '26-¿Qué entiendes por CSS?', 6),
(277, '27-¿Cuál es la sintaxis correcta en CSS? ', 6),
(278, '28-¿Qué atributo de HTML se usa para definir un estilo entre líneas?', 6),
(279, '29-¿Cuál es la sintaxis correcta en HTML para referirse a una hoja de estilo externa? ', 6),
(280, '30-¿Qué propiedad usamos para establecer el color de fondo?', 6),
(281, '31-¿Qué propiedad usamos para darle a un texto el efecto de subrayado?', 6),
(282, '32-¿Cuál es la sintaxis correcta a utilizar para dejar 10 píxeles entre palabras?', 6),
(283, '33-¿Qué propiedad utilizamos para definir el tipo de fuente? ', 6),
(284, '34-¿Cómo definimos en CSS que el elemento <p> este en negrita?', 6),
(285, '35-¿Qué propiedad utilizamos para definir el color de los bordes?', 6),
(286, '36-¿Cómo mostraría los enlaces sin que estén subrayados?', 6),
(287, '37-¿Cómo definimos los Ítems de una lista para que muestre números romanos en mayúscula?', 6),
(288, '38-¿Qué propiedad utilizamos para definir el margen derecho en CSS?', 6),
(289, '39-¿Qué propiedad utilizamos para definir que una tabla ajuste sus medidas al contenido de la misma?', 6),
(290, '40-Para alinear un elemento verticalmente usamos la propiedad:', 6),
(291, '41-¿Cómo definiría márgenes con estos anchos?El margen izuierdo: 1cm, El margen derecho: 3 cm, El margen superior: 2 cm,El margen inferior: 4 cm', 6),
(292, '42-¿Qué propiedad utilizamos para definir una imagen como fondo?', 6),
(293, '43-¿Cómo definimos un comentario en CSS?', 6),
(294, '44-¿Cuál es la sintaxis correcta en CSS? ', 6),
(295, '45-¿Cómo definimos en mayúscula la primera letra de cada palabra?', 6),
(296, '46- Utilizando la técnica de escritura de propiedades shorthand, organiza los estilos de tal manera en que tenga un borde sólido, rojo y de 3px.', 6),
(297, '47-Si quisiera darle bordes redondeados a una caja de 15px en todas sus esquinas ¿Cúal sería la forma?', 6),
(298, '48-Establezca reglas de estilos para la clase sombra donde sombra tendrá: Color de sombra=gris; posiciones x=0px y=23px; radios difuminado=10px distancia=5px.', 6),
(299, '49-Establece las reglas CSS para que una imagen no sobrepase el ancho de su contenedor:', 6),
(300, '50-Establece las reglas CSS para que un párrafo tenga un tamaño de fuente de 20px al pasar el mouse encima de él', 6),
(301, 'Que es un algoritmo?', 7),
(302, 'Para que sirve un algoritmo?', 7),
(303, 'Que es una estructura secuencial?', 7),
(304, 'Que es un seudocódigo?', 7),
(305, 'Para que se usan los diagramas de flujo?', 7),
(306, 'Cuáles son los operadores?', 7),
(307, 'Que entiendes por codificación?', 7),
(308, 'Algoritmos computacionales cuales son?', 7),
(309, 'Algoritmos no computacionales cuáles son?', 7),
(310, 'Que es un algoritmo cuantitativo?', 7),
(311, 'Cuáles son los 4 operadores mentales?', 7),
(312, 'Cual fue considerado el primer lenguaje de alto?', 7),
(313, 'int, char, float, string y boolean son?', 7),
(314, 'Qué me dice la parte donde se analiza la ejecución?', 7),
(315, 'En que consiste en hacer el plan?', 7),
(316, 'Una cola es? ', 7),
(317, 'if, else, for y while son?', 7),
(318, 'Un bucle o ciclo es?', 7),
(319, 'int, char, float, string y boolean son?', 7),
(320, 'Que permiten realizar los datos numéricos?', 7),
(321, 'Que son datos lógicos?', 7),
(322, 'Que permiten representar los datos alfanuméricos?', 7),
(323, 'Cuáles son las 4 operaciones mentales?', 7),
(324, 'Cuáles son las características de un algoritmo?', 7),
(325, 'Cuál es la estructura de un algoritmo?', 7),
(326, ' Requisitos de un Algoritmo?', 7),
(327, 'Que es un plan de planeamiento de problema?', 7),
(328, 'Que consiste hacer un plan?', 7),
(329, 'La programación se puede definir cómo?', 7),
(330, 'Cuál es el código ASCII decimal de la letra A mayúscula?', 7),
(331, 'Imperativo, declarativo y orientado a objetos son?', 7),
(332, 'El lenguaje ensamblador se sitúa?', 7),
(333, 'La programación se puede definir como?', 7),
(334, 'Cuál es el código ASCII decimal de nueva línea (line feed)?', 7),
(335, 'Las expresiones son combinaciones de?', 7),
(336, 'En que se clasifican las expresiones?', 7),
(337, 'Que nos permiten los operadores?', 7),
(338, 'Qué significa esta función COS(x)?', 7),
(339, 'Qué se le denomina a algunas operaciones especiales?', 7),
(340, 'Con Que Símbolo se representa una variable?', 7),
(341, 'Cómo se clasifican las variables?', 7),
(342, 'Las variables por su uso son?', 7),
(343, 'Señale que es un diagrama de flujo?', 7),
(344, 'Qué entiendes por codificación?', 7),
(345, 'Qué es ejecutar el plan de planteamiento de problemas? ', 7),
(346, 'Cuáles son la estructura de un algoritmo?', 7),
(347, 'Que es un ciclo?', 7),
(348, 'Que es un problema?', 7),
(349, 'En que consiste los métodos de recolección de datos?', 7),
(350, 'A que se refiere con operaciones algorítmicas?', 7);

-- --------------------------------------------------------

--
-- Estructura de tabla para la tabla `programas`
--

CREATE TABLE `programas` (
  `id_programa` int(11) NOT NULL,
  `nom_programa` varchar(50) COLLATE utf8_spanish_ci NOT NULL
) ENGINE=InnoDB DEFAULT CHARSET=utf8 COLLATE=utf8_spanish_ci;

-- --------------------------------------------------------

--
-- Estructura de tabla para la tabla `respuestas`
--

CREATE TABLE `respuestas` (
  `id_respuesta` int(11) NOT NULL,
  `respuesta` varchar(500) COLLATE utf8_spanish_ci NOT NULL,
  `id_pregunta` int(11) NOT NULL,
  `v_pregunta` int(11) NOT NULL
) ENGINE=InnoDB DEFAULT CHARSET=utf8 COLLATE=utf8_spanish_ci;

--
-- Volcado de datos para la tabla `respuestas`
--

INSERT INTO `respuestas` (`id_respuesta`, `respuesta`, `id_pregunta`, `v_pregunta`) VALUES
(1, 'A. Es un conjunto de elementos relacionados  entre sí y que funcionan como un todo.', 1, 1),
(2, 'B. Es el conjunto de conocimientos que se organizan de forma sistemática obtenidos a partir de la observación, experimentaciones y razonamientos dentro de áreas específicas. ', 1, 0),
(3, 'C. Es el conjunto de conocimientos técnicos, científicamente ordenados, que permiten diseñar y crear bienes. ', 1, 0),
(4, 'D. Es un sistema que interactúa con otros agentes químicos, por lo tanto está conectado correlacionalmente con factores externos a él. ', 1, 0),
(5, 'A. Biólogo y filósofo austriaco fue el creador de la teoría general de sistema basándose en una teoría de BiologíA. ', 2, 1),
(6, 'B. Fue un abogado y político mexicano, de origen indígena', 2, 0),
(7, 'C. Es un entomólogo y biólogo estadounidense conocido por su trabajo en evolución y sociobiología', 2, 0),
(8, 'D. Principal filósofo, psicólogo y teórico de la educación. ', 2, 0),
(9, 'A. Complejos, Definidores. ', 3, 0),
(10, 'B. Alternativos, Complejos', 3, 0),
(11, 'C. Definidores, Concomitantes', 3, 1),
(12, 'D. Definidores, Alternativos', 3, 0),
(13, 'A. En dos: nivel 1 y nivel 2. ', 4, 0),
(14, 'B. En dos: Cerrados y Abiertos. ', 4, 1),
(15, 'C. En tres: nivel 1, nivel 2 y cerrados. ', 4, 0),
(16, 'D. En uno: cerrado. ', 4, 0),
(17, 'A. Cerrado', 5, 0),
(18, 'B. Abierto', 5, 0),
(19, 'C. Output', 5, 0),
(20, 'D. Retroinput. ', 5, 1),
(21, 'A. Entrada, Proceso y SalidA. ', 6, 1),
(22, 'B. Salida, entrada y salidA. ', 6, 0),
(23, 'C. Proceso, salida y proceso', 6, 0),
(24, 'D. Abierto, proceso y cerrado. ', 6, 0),
(25, 'A. Proceso, salida y entradA. ', 7, 0),
(26, 'B. Entrada- Salida- proceso- retroinformación- ambiente. ', 7, 1),
(27, 'C. Entrada y salidA.', 7, 0),
(28, 'D. Proceso y salidA.', 7, 0),
(29, 'A. Módulos, Funciones y sinergiA.', 8, 0),
(30, 'B. Métodos, sinergia y funciones', 8, 0),
(31, 'C. Módulos y sinergiA.', 8, 0),
(32, 'D. Sinergia- Entropía- homeostasis.', 8, 1),
(33, 'A. Conjunto de órganos y estructuras similares que trabajan en relación para cumplir alguna función fisiológica en un ser vivo.', 9, 0),
(34, 'B. Módulos ordenados de piezas que se encuentran interrelacionadas y que interactúan entre sí.', 9, 1),
(35, 'C. Cosa compuesta (por dos o más cosas relacionadas) que posee propiedades que no poseen sus componentes, llamadas propiedades emergentes.', 9, 0),
(36, 'D. Conjunto de procesos internos que lo hacen cambiar algunas propiedades, mientras que conserva otras.', 9, 0),
(37, 'A. Estudio de un objeto complejo cuyos componentes se relacionan con al menos algún otro componente ', 10, 0),
(38, 'B. Estudio de partes o elementos organizados y relacionados que interactúan entre sí para lograr un objetivo. ', 10, 0),
(39, 'C. Estudio de un sistema de información que basa la parte fundamental de su procesamiento, en el empleo de la computación, como cualquier sistema, es un conjunto de funciones interrelacionadas ', 10, 0),
(40, 'D. Es el estudio de los principios aplicables a los sistemas en cualquier nivel en todos los campos de la investigación ', 10, 1),
(41, 'A. Ludwig von Bertalanffy. ', 11, 1),
(42, 'B. Martin lutero. ', 11, 0),
(43, 'C. Kenneth boulding. ', 11, 0),
(44, 'D. Jean piaget. ', 11, 0),
(45, 'A. Solucionar problemas ', 12, 0),
(46, 'B. Producir teorías y formulaciones conceptuales que pueden crear condiciones de aplicación en la realidad empírica ', 12, 1),
(47, 'C. Unificar los sistemas ', 12, 0),
(48, 'D. Generar soluciones prácticas a través del estudio de los demás sistemas ', 12, 0),
(49, 'A. Un sistema no son abiertos ', 13, 0),
(50, 'B. Los sistemas existen dentro de sistemas: cada sistema existe dentro de otro más grande ', 13, 1),
(51, 'C. Un sistema no tiene parámetros ', 13, 0),
(52, 'D. Las funciones de un sistema no dependen de su estructura ', 13, 0),
(53, 'A. Tratamiento y administración de datos e información, organizados y listos para su uso posterior ', 14, 0),
(54, 'B. Recolección de datos, procesamiento, transmisión y diseminación de datos que representa información para el usuario. ', 14, 0),
(55, 'C. Utilización de los mismos conceptos para describir los rasgos principales de sistemas diferentes ', 14, 1),
(56, 'D. Mejoramiento o la adaptación del sistema ya creado a otro entorno de trabajo o plataformA. ', 14, 0),
(57, 'A. Multifacético ', 15, 0),
(58, 'B. Dinámico, multidimensional y multidisciplinario. ', 15, 1),
(59, 'C. Evolutivo ', 15, 0),
(60, 'D. Cerrado ', 15, 0),
(61, 'A. Abierto ', 16, 1),
(62, 'B. Adaptativo ', 16, 0),
(63, 'C. Homogéneo ', 16, 0),
(64, 'D. Congruente ', 16, 0),
(65, 'A. Norbert Wiener ', 17, 0),
(66, 'B. Richard Johnson ', 17, 0),
(67, 'C. Fremont Kast ', 17, 0),
(68, 'D. Simon Covenage ', 17, 1),
(69, 'A. Cerrado ', 18, 0),
(70, 'B. Abierto ', 18, 0),
(71, 'C. Abstracto ', 18, 0),
(72, 'D. Cualitativo ', 18, 1),
(73, 'A. Por su constitución- Por su naturaleza ', 19, 1),
(74, 'B. Por la predeterminación de su funcionamiento: probabilísticos y determinísticos ', 19, 0),
(75, 'C. Por su grado de dependencia: dependientes, independientes e interdependientes. ', 19, 0),
(76, 'D. Ninguna de las anteriores ', 19, 0),
(77, 'A. Primer nivel, Segundo nivel, Tercer nivel, Cuarto nivel. ', 20, 0),
(78, 'B. Entrada, proceso, salida ', 20, 0),
(79, 'C. Enfoque epistemológico, Enfoque empírico. ', 20, 1),
(80, 'D. Enfoque estructural probabilístico ', 20, 0),
(81, 'A. Es un sistema agregado de objetos o entidades materiales entre cuyas partes existe una conexión. ', 21, 1),
(82, 'B. Es un sistema solo de entidades materiales entre cuyas partes existe una relación ', 21, 0),
(83, 'C. Es un conjunto de entidades materiales entre cuyas partes existe una conexión ', 21, 0),
(84, 'D. Ninguna de las anteriores. ', 21, 0),
(85, 'A. Es un sistema que es parte de otro sistema mayor que lo contiene. ', 22, 1),
(86, 'B. Es un conjunto de elementos interrelacionados que a la vez es parte de un sistema inferior. ', 22, 0),
(87, 'C. Es un sistema que no integra a los sistemas desde el punto de vista de pertenenciA. ', 22, 0),
(88, 'D. Conjunto de unidades recíprocamente relacionadas ', 22, 0),
(89, 'A. Tiene su origen en los estudios de Kurt lewin, sobre las interacciones entre las personas dentro de un grupo social. ', 23, 0),
(90, 'B. Es el sistema que integra a los sistemas desde el punto de vista de pertenenciA. ', 23, 1),
(91, 'C. Es una metodología para analizar y modelar los sistemas. ', 23, 0),
(92, 'D. Es un sistema que no integra a los sistemas desde el punto de vista de pertenenciA. ', 23, 0),
(93, 'A. Puede conducir a una muy necesitada integración en la educación científica ', 24, 0),
(94, 'B. Tendencia general hacia una integración en varias ciencias naturales y sociales ', 24, 0),
(95, 'C. Promover una formalización (matemática) de estas leyes ', 24, 1),
(96, 'D. Ninguna de las anteriores ', 24, 0),
(97, 'A. Entrada, proceso, salidA. ', 25, 0),
(98, 'B. Alopoiéticos, autorreferentes, noológicos ', 25, 0),
(99, 'C. Las relaciones, las actividades,los método, los procedimientos, los recursos, las secuencias, los controles ', 25, 1),
(100, 'D. Todas las anteriores son verdaderas ', 25, 0),
(111, 'C. Teoría de gestiones de sistemas ', 28, 0),
(112, 'D. Teoría general de sociabilidad ', 28, 0),
(113, 'A. La envergadura y espacio de un sistema ', 29, 0),
(114, 'B. Poseer un objetivo general ', 29, 1),
(115, 'C. Las funciones realizadas de un sistemA. ', 29, 0),
(116, 'D. Un orden lógico y sistemático. ', 29, 0),
(117, 'A. Son procedimientos o funciones que deben realizarse.', 30, 0),
(118, 'B. Son un conjunto de pasos ordenados ', 30, 0),
(119, 'C. Son los enlaces que vinculan en sí a los elementos. ', 30, 1),
(120, 'D. Son un conjunto de pasos ordenados que permiten alcanzar una metA. ', 30, 0),
(121, 'A. Es el orden lógico y sistemático con el cual se realizan las actividades. ', 31, 1),
(122, 'B. Son los insumos y suministros. ', 31, 0),
(123, 'C. Son procedimientos o funciones. ', 31, 0),
(124, 'D. Es una sucesión de elementos o hechos que mantienen un vínculo entre sí ', 31, 0),
(125, 'A. Abierto ', 32, 1),
(126, 'B. Cerrado. ', 32, 0),
(127, 'C. Biológico ', 32, 0),
(128, 'D. Neutral ', 32, 0),
(129, 'A. Un sistema abierto ', 33, 0),
(130, 'B. Son los insumos y suministros ', 33, 0),
(131, 'C. Son un conjunto de pasos ordenados que permiten alcanzar una metA. ', 33, 1),
(132, 'D. Es un componente ', 33, 0),
(133, 'A. Plantear una jerarquía de sistemas y aplicarla según el caso específico de estudio ', 34, 1),
(134, 'B. Es una teoría general de sistemas pueda alcanzar un compromiso entre lo específico que no tiene ningún significado y lo general que no tiene contenido. ', 34, 0),
(135, 'C. Es el orden lógico y sistemático con el cual se realizan las actividades ', 34, 0),
(136, 'D. Es una sucesión de elementos o hechos que mantienen un vínculo entre sí. ', 34, 0),
(137, 'A. Retroalimentación ', 35, 0),
(138, 'B. Ambiente ', 35, 1),
(139, 'C. Insumos ', 35, 0),
(140, 'D. Componentes ', 35, 0),
(141, 'A. Es el orden lógico y sistemático con el cual se realizan las actividades. ', 36, 0),
(142, 'B. Son los insumos y suministros ', 36, 0),
(143, 'C. Plantear una jerarquía de sistemas y aplicarla según el caso específico de estudio ', 36, 0),
(144, 'D. Es una teoría general de sistemas pueda alcanzar un compromiso entre lo específico que no tiene ningún significado y lo general que no tiene contenido. ', 36, 1),
(145, 'A. Velocidad, potencialización y usabilidaD. ', 37, 0),
(146, 'B. Flexibilidad, finalidad y precisión. ', 37, 0),
(147, 'C. Velocidad, precisión y confiabilidad ', 37, 1),
(148, 'D. Precisión, finalidad, usabilidaD. ', 37, 0),
(149, 'A. Es determinístico y programado y que opera con muy pequeño intercambio de energía y materia con el ambiente. ', 38, 1),
(150, 'B. Su estructura es óptima cuando el conjunto de elementos del sistema se organiza ', 38, 0),
(151, 'C. Compuestos por conceptos, planes, hipótesis e ideas ', 38, 0),
(152, 'D. Es aquel que proporciona alguna combinación interoperabilidad, portabilidad y estándares. ', 38, 0),
(153, 'A. Productos, servicios e información. ', 39, 0),
(154, 'B. Procesar entradas ', 39, 0),
(155, 'C. Muchos procesos pequeños ', 39, 1),
(156, 'D. Productos, entradas y unidades recíprocas. ', 39, 0),
(157, 'A. Compuestos por conceptos, planes, hipótesis e ideas. ', 40, 0),
(158, 'B. Es una teoría general de sistemas pueda alcanzar un compromiso entre lo específico que no tiene ningún significado y lo general que no tiene contenido. ', 40, 0),
(159, 'C. Su estructura es óptima cuando el conjunto de elementos del sistema se organizA. ', 40, 0),
(160, 'D. Es aquel que proporciona alguna combinación interoperabilidad, portabilidad y estándares ', 40, 1),
(161, 'A. Controlar cuidadosamente las entradas y salidas ', 41, 1),
(162, 'B. Estudiar un sistema en particular. ', 41, 0),
(163, 'C. Control del comportamiento dinámico del sistemA. ', 41, 0),
(164, 'D.  No tener control de las entradas y salidas ', 41, 0),
(165, 'A. Kenneth Boulding. ', 42, 1),
(166, 'B. John Maynard Keynes ', 42, 0),
(167, 'C. Adam Smith ', 42, 0),
(168, 'D.  Alan Greenspan.', 42, 0),
(169, 'A. Abiertos y cerrados ', 43, 0),
(170, 'B. Físicos o abstractos ', 43, 1),
(171, 'C. Abiertos y abstractos', 43, 0),
(172, 'D. Cerrados y Físicos', 43, 0),
(173, 'A. Es el equilibrio dinámico entre las partes del sistema', 44, 1),
(174, 'B. Es la tendencia de los sistemas a desgastarse', 44, 0),
(175, 'C. Información como medio o instrumento de ordenación del sistema', 44, 0),
(176, 'D. Conjunto de unidades recíprocamente relacionadas ', 44, 0),
(177, 'A. Abiertos y Abstractos', 45, 0),
(178, 'B.  Cerrados y Físicos ', 45, 0),
(179, 'C. Físicos y Abstractos', 45, 0),
(180, 'D. Cerrados o abiertos', 45, 1),
(181, 'A. Conjunto de unidades recíprocamente relacionadas', 46, 0),
(182, 'B. Compuestos por conceptos, planes, hipótesis e ideas', 46, 1),
(183, 'C. Es el equilibrio dinámico entre las partes del sistema', 46, 0),
(184, 'D. Compuestos por equipos, maquinaria, objetos y cosas reales', 46, 0),
(185, 'A. Es la tendencia de los sistemas a desgastarse', 47, 1),
(186, 'B. Es el equilibrio dinámico entre las partes del sistema', 47, 0),
(187, 'C. Conjunto de unidades recíprocamente relacionadas ', 47, 0),
(188, 'D. Es una teoría general de sistemas pueda alcanzar un compromiso entre lo específico que no tiene ningún significado y lo general que no tiene contenido', 47, 0),
(189, 'A. 1960', 48, 0),
(190, 'B. 1850', 48, 0),
(191, 'C. 1950 ', 48, 1),
(192, 'D.  1750 ', 48, 0),
(193, 'A. Es un sistema cerrado que puede llegar al mismo punto final. ', 49, 0),
(194, 'B. Es un sistema abierto que puede llegar al mismo punto final partiendo de diferentes condiciones iniciales ', 49, 1),
(195, 'C. Es una característica de los sistemas cerrados ', 49, 0),
(196, 'D. Ninguna de las anteriores ', 49, 0),
(197, 'A. Es una disciplina íntimamente vinculada con la teoría de sistemas ', 50, 1),
(198, 'B. La cibernética desarrolla un lenguaje y técnicas', 50, 0),
(199, 'C. Es una técnica que no ataca los problemas de control', 50, 0),
(200, 'D. Todas las anteriores', 50, 0),
(201, 'A.	Es un concepto similar al de array', 51, 0),
(202, 'B.	Es un tipo particular de variable', 51, 0),
(203, 'C.	Es un modelo o plantilla a partir de la cual creamos objetos', 51, 1),
(204, 'D.	Es una categoría de datos ordenada secuencialmente', 51, 0),
(205, 'A. Sus cardinalidad y su tipo', 52, 0),
(206, 'B.	Sus atributos y sus métodos', 52, 1),
(207, 'C.	La forma en que establece comunicación e intercambia mensajes ', 52, 0),
(208, 'D.	Su interfaz y los eventos asociados', 52, 0),
(209, 'A.	public class Componente extends Producto', 53, 1),
(210, 'B.	public class Componente inherit Producto', 53, 0),
(211, 'C.	public class Componente implements Producto', 53, 0),
(212, 'D.	public class Componente belong to Producto', 53, 0),
(213, 'A.	Duplicar una clase', 54, 0),
(214, 'B.	Eliminar una clase', 54, 0),
(215, 'C.	Crear un objeto a partir de la clase', 54, 1),
(216, 'D.	Conectar dos clases entre sí', 54, 0),
(217, 'A.	Una librería de Java', 55, 0),
(218, 'B.	Una versión de Java especial para servidores', 55, 0),
(219, 'C.	Un IDE para desarrollar aplicaciones', 55, 1),
(220, 'D.	Ninguna de las anteriores', 55, 0),
(221, 'A.	El formato de intercambio de datos', 56, 0),
(222, 'B.	El formato que obtenemos tras compilar un fuente .java', 56, 1),
(223, 'C.	Un tipo de variable', 56, 0),
(224, 'D.	Un depurador de código', 56, 0),
(225, 'A.	Editarlo para modificar su comportamiento', 57, 0),
(226, 'B.	Cambiarle el nombre dejándolo con la misma funcionalidad', 57, 0),
(227, 'C.	Crear un método con el mismo nombre pero diferentes argumentos', 57, 1),
(228, 'D.	Añadirle funcionalidades a un método', 57, 0),
(229, 'A.	Un error que lanza un método cuando algo va mal', 58, 1),
(230, 'B.	Un objeto que no puede ser instanciado', 58, 0),
(231, 'C.	Un bucle que no finaliza', 58, 0),
(232, 'D.	Un tipo de evento muy utilizado al crear interfaces', 58, 0),
(233, 'A.	test', 59, 0),
(234, 'B.	test-­‐1', 59, 0),
(235, 'C.	1', 59, 1),
(236, 'D.	2', 59, 0),
(237, 'A.	Las clases definen tipos.', 60, 0),
(238, 'B.	Los diagramas de clases muestran las clases de una aplicación y la relación entre ellos.', 10, 0),
(239, 'C.	Las clases son objetos.', 60, 1),
(240, 'D.	Las clases definen métodos.', 60, 0),
(241, 'A.	NULL', 61, 0),
(242, 'B.	new', 61, 1),
(243, 'C.	instanceOf', 61, 0),
(244, 'D.	wend', 61, 0),
(245, 'A.	char c=”a”;', 62, 0),
(246, 'B.	byte b=97;', 62, 0),
(247, 'C.	boolean b=null;', 62, 0),
(248, 'D.	int i=10;', 62, 1),
(249, 'A.	#variable', 63, 1),
(250, 'B.	$variable', 63, 0),
(251, 'C.	_variable', 63, 0),
(252, 'D.	vari_able', 63, 0),
(253, 'A.	1 y 2', 64, 0),
(254, 'B.	1 y 3', 64, 0),
(255, 'C.	4 y 6', 64, 1),
(256, 'D.	3 y 4', 64, 0),
(257, 'A.	El cuerpo de un bucle for-each puede repetirse 0 o más veces.', 65, 0),
(258, 'B.	Un bucle for-each puede aplicarse sobre cualquier clase que implemente la interfaz Iterable.', 65, 0),
(259, 'C.	El cuerpo de un bucle while siempre se ejecuta, como mínimo, una vez.', 65, 1),
(260, 'D.	Un bucle for-each puede aplicarse sobre arreglos (arrays).', 65, 0),
(261, 'A.	La expresión “char c = -1;” provocará un error de compilación debido a que el rango de la clase “char” es 0-2(16-1).', 66, 1),
(262, 'B.	No habrá error de compilación, la salida será -­‐1.', 66, 0),
(263, 'C.	No habrá error de compilación, la salida no será ningún carácter ASCII.', 66, 0),
(264, 'D.	No habrá error de compilación, la salida será un carácter Unicode.', 66, 0),
(265, 'A.	Sus cardinalidad y su tipo', 67, 0),
(266, 'B.	Sus atributos y sus métodos', 67, 1),
(267, 'C.	La forma en que establece comunicación e intercambia mensajes', 67, 0),
(268, 'D.	Su interfaz y los eventos asociados', 67, 0),
(269, 'A.	Duplicar una clase', 68, 0),
(270, 'B.	Eliminar una clase', 68, 0),
(271, 'C.	Crear un objeto a partir de la clase', 68, 1),
(272, 'D.	Conectar dos clases entre sí', 68, 0),
(273, 'A.	La signatura es el encabezado de un método y proporciona la información necesaria para invocarlo.', 69, 1),
(274, 'B.	La signatura está formada por los parámetros de un método y proporciona la información necesaria para  invocarlo.', 69, 0),
(275, 'C.	La signatura es el nombre de un método y puede tener parámetros para proporcionar información adicional para realizar una tareA.', 69, 0),
(276, 'D.	La signatura es el encabezado de un método y puede tener parámetros para proporcionar información adicional para realizar una tareA.', 69, 0),
(277, 'A.	1 y 2.', 70, 0),
(278, 'B.	2 y 3.', 70, 0),
(279, 'C.	3 y 4.', 70, 0),
(280, 'D.	Todas son correcta', 70, 1),
(281, 'A.	Da un error de compilación debido a las restricciones de acceso a las variables privadas de Ejemplo.', 71, 0),
(282, 'B.	Da un error de compilación debido a la referencia que se hace a métodos declarados con posterioridaD.', 71, 0),
(283, 'C.	No da ningún error de compilación y produce como salida el valor 0.', 71, 1),
(284, 'D.	No da ningún error de compilación y produce como salida el valor 10.', 71, 0),
(285, 'A.	Da un error de compilación debido a las restricciones de acceso a las variables privadas de Ejemplo.', 72, 0),
(286, 'B.	Da un error de compilación debido a la referencia que se hace a variables declaradas con posterioridaD.', 72, 1),
(287, 'C.	No da ningún error de compilación y produce como salida el valor 0.', 72, 0),
(288, 'D.	No da ningún error de compilación y produce como salida el valor 10.', 72, 0),
(289, 'A.	foo tiene el valor 0', 73, 0),
(290, 'B.	foo tiene el valor null', 73, 0),
(291, 'C.	foo tiene el valor false', 73, 1),
(292, 'D.	Se produce una excepción y foo no posee ningún valor', 73, 0),
(293, 'A.	El programa indicará un fallo en tiempo de compilación.', 74, 0),
(294, 'B.	El programa imprime por pantalla el valor “0”.', 74, 1),
(295, 'C.	El programa imprime por pantalla el valor “3”.', 74, 0),
(296, 'D.	El programa lanzará una excepción en la línea 6 (int val = i.intValue() ;).', 74, 0),
(297, 'A.	Los métodos pueden devolver información de algún objeto mediante un valor de retorno.', 75, 1),
(298, 'B.	Los métodos siempre tienen parámetros con los que obtener la información necesariA.', 75, 0),
(299, 'C.	A partir de una clase tan solo se puede crear un solo objeto.', 75, 0),
(300, 'D.	El estado de los objetos se representa mediante los parámetros de su constructor.', 75, 0),
(301, 'A.	Los campos se conocen como variables de objeto.', 76, 0),
(302, 'B.	El alcance de una variable define la sección de código desde donde la variable puede ser declaradA.', 76, 0),
(303, 'C.	Los constructores permiten que cada objeto sea preparado adecuadamente cuando es creado.', 76, 1),
(304, 'D.	El tiempo de vida de una variable describe el número de veces que es utilizada en un método.', 76, 0),
(305, 'A.	Las expresiones 3 y 4.', 77, 0),
(306, 'B.	Las expresiones 2 y 4.', 77, 0),
(307, 'C.	Las expresiones 3 y 5.', 77, 0),
(308, 'D.	Las expresiones 4 y 5.', 77, 1),
(309, 'A.	La expresión 1 es evaluada como falsa y la expresión 2 como falsA.', 78, 0),
(310, 'B.	La expresión 1 es evaluada como falsa y la expresión 2 como verdaderA.', 78, 1),
(311, 'C.	La expresión 1 es evaluada como verdadera y la expresión 2 como falsA.', 78, 0),
(312, 'D.	La expresión 1 es evaluada como verdadera y la expresión 2 como verdaderA.', 78, 0),
(313, 'A.	Los métodos pueden devolver información de algún objeto mediante un valor de retorno.', 79, 1),
(314, 'B.	Los métodos siempre tienen parámetros con los que obtener la información necesariA.', 79, 0),
(315, 'C.	A partir de una clase tan solo se puede crear un solo objeto.', 79, 0),
(316, 'D.	El estado de los objetos se representa mediante los parámetros de su constructor', 79, 0),
(317, 'A.	Define la forma en la que la variable puede ser accedidA.', 80, 0),
(318, 'B.	Define el conjunto de métodos que puede acceder a la variable.', 80, 0),
(319, 'C.	Define la sección de código en la que la variable puede ser accedidA.', 80, 1),
(320, 'D.	Ninguna de las anteriores.', 80, 0),
(321, 'A.	Es un concepto similar al de array', 81, 0),
(322, 'B.	Es un tipo particular de variable', 81, 0),
(323, 'C.	Es un modelo o plantilla a partir de la cual creamos objetos', 81, 1),
(324, 'D.	Es una categoría de datos ordenada secuencialmente', 81, 0),
(325, 'A.	Los campos se conocen como variables de objeto.', 82, 0),
(326, 'B.	El alcance de una variable define la sección de código desde donde la variable puede ser declaradA.', 82, 0),
(327, 'C.	Los constructores permiten que cada objeto sea preparado adecuadamente cuando es creado.', 82, 1),
(328, 'D.	El tiempo de vida de una variable describe el número de veces que es utilizada en un método.', 82, 0),
(329, 'A.	Los campos se definen dentro de los constructores y de los métodos.', 83, 0),
(330, 'B.	Los campos se usan para almacenar datos que nunca persisten durante la vida del objeto.', 83, 0),
(331, 'C.	Los campos tienen un tiempo de vida que perdura después de terminar el objeto.', 83, 0),
(332, 'D.	La accesibilidad de los campos se extiende a toda clase y por este motivo pueden usarse dentro de cualquier constructor o método de clase en la que estén definidos.', 83, 1),
(333, 'A.	UNO', 84, 0),
(334, 'B.	UNO TRES', 84, 0),
(335, 'C.	UNO DOS TRES', 84, 0),
(336, 'D.	TRES', 84, 1),
(337, 'A.	foo tiene el valor 0', 85, 0),
(338, 'B.	foo tiene el valor null', 85, 0),
(339, 'C.	foo tiene el valor false', 85, 1),
(340, 'D.	Se produce una excepción y foo no posee ningún valor ', 85, 0),
(341, 'A.	La depuración es la actividad cuyo objetivo es determinar si una pieza de código produce el comportamiento pretendido.', 86, 0),
(342, 'B.	La prueba viene a continuación de la depuración.', 86, 0),
(343, 'C.	La depuración es una actividad dedicada a determinar si un segmento de código contiene errores.', 86, 0),
(344, 'D.	La depuración es el intento de apuntar con precisión y corregir un error en el código.', 86, 1),
(345, 'A.	El objetivo de la sobrecarga de métodos es facilitar la invocación de un mismo método pasándole un conjunto de parámetros de entrada diferentes.', 87, 0),
(346, 'B.	Se puede sobrecargar un método variando el tipo de retorno de éste sin variar los parámetros de entradA.', 87, 1),
(347, 'C.	Un método puede ser sobrecargado en la misma clase o en una subclase.', 87, 0),
(348, 'D.	Los métodos sobrecargados pueden cambiar el modificador de acceso del método original.', 87, 0),
(349, 'A.	Se produce un error en tiempo de ejecución.', 88, 0),
(350, 'B.	Se muestra el mensaje “Construyendo Clase B. Construyendo Clase A.”.', 88, 0),
(351, 'C.	Se muestra el mensaje “Construyendo Clase A. Construyendo Clase B”.', 88, 0),
(352, 'D.	Error de compilación.', 88, 1),
(353, 'A.	El método disparar está sobrecargado.', 89, 0),
(354, 'B.	Muestra por pantalla el mensaje “Dispara la nave”.', 89, 1),
(355, 'C.	No se muestra por pantalla ningún mensaje.', 89, 0),
(356, 'D.	Obtenemos un error en tiempo de ejecución.', 89, 0),
(357, 'A.	var=var;', 90, 0),
(358, 'B.	int var=var;', 90, 0),
(359, 'C.	this.var=var;', 90, 1),
(360, 'D.	No se puede llamar igual el parámetro del constructor que el atributo de la clase', 90, 0),
(361, 'A.	Editarlo para modificar su comportamiento', 91, 0),
(362, 'B.	Cambiarle el nombre dejándolo con la misma funcionalidad', 91, 0),
(363, 'C.	Crear un método con el mismo nombre pero diferentes argumentos', 91, 1),
(364, 'D.	Añadirle funcionalidades a un método', 91, 0),
(365, 'A.	public float getNota (float valor ) { return valor;}', 92, 0),
(366, 'B.	public float getNota ( ) { return nota;}', 92, 1),
(367, 'C.	float getNota ( ) { return nota;}', 92, 0),
(368, 'D.	float double getNota ( ) { return nota;}', 92, 0),
(369, 'A.	La expresión 1 es evaluada como falsa y la expresión 2 como falsA.', 93, 0),
(370, 'B.	La expresión 1 es evaluada como falsa y la expresión 2 como verdaderA.', 93, 1),
(371, 'C.	La expresión 1 es evaluada como verdadera y la expresión 2 como falsA.', 93, 0),
(372, 'D.	La expresión 1 es evaluada como verdadera y la expresión 2 como verdaderA.', 93, 0),
(373, 'A.	Error de compilación en la línea 5.', 94, 0),
(374, 'B.	2', 94, 1),
(375, 'C.	3', 94, 0),
(376, 'D.	6', 94, 0),
(377, 'A.	dos1', 95, 0),
(378, 'B.	dos2', 95, 0),
(379, 'C.	uno', 95, 0),
(380, 'D.	1uno', 95, 1),
(381, 'A.	BD', 96, 0),
(382, 'B.	DB', 96, 0),
(383, 'C.	BDC', 96, 0),
(384, 'D.	Error de compilación', 96, 1),
(385, 'A.	Un error en tiempo de ejecución', 97, 0),
(386, 'B.	Se mostrará 4', 97, 0),
(387, 'C.	Se mostrará 5', 97, 0),
(388, 'D.	Se mostrará 6', 97, 1),
(389, 'A.	El lenguaje Java tiene tres variantes del ciclo for : for-­‐each, for y for-­‐do.', 98, 0),
(390, 'B.	Un ciclo while es similar en su estructura y propósito que el ciclo for-­‐each.', 98, 1),
(391, 'C.	El tipo de la variable de ciclo no tiene porqué ser el mismo que el tipo del elemento declarado para la colección que estamos recorriendo con un ciclo.', 98, 0),
(392, 'D.	Un índice es un objeto que proporciona funcionalidad para recorrer todos los elementos de una colección.', 98, 0),
(393, 'A.	Las colecciones de objetos son objetos que pueden almacenar un número predeterminado e invariable de otros objetos.', 99, 0),
(394, 'C.	Un ciclo consiste en la escritura repetida de un bloque de sentencias.', 99, 0),
(395, 'D.	Un arreglo (array) es un tipo especial de colección que puede almacenar un número variable de elementos. ', 99, 0),
(396, 'B.	Un iterador es un objeto que proporciona funcionalidad para recorrer todos los elementos de una colección.', 99, 1),
(601, 'for(i = 1; i <= 5; i++)', 151, 1),
(602, 'for(i <= 5; i++)', 151, 0),
(603, 'for i = 1 to 5 ', 151, 0),
(604, 'Las anteriores respuestas no son correctas', 151, 0),
(605, '<Script>', 152, 1),
(606, '<JavaScript>', 152, 0),
(607, '<Scripting>', 152, 0),
(608, '<js>', 152, 0),
(609, 'if i=5 then ', 153, 0),
(610, 'if(i=5)', 153, 0),
(611, 'if i==5 then ', 153, 0),
(612, 'if(i==5) ', 153, 1),
(613, 'check()', 154, 0),
(614, 'exec()', 154, 1),
(615, 'run()', 154, 0),
(616, 'test()', 154, 0),
(617, 'navigator.go (-1)', 155, 0),
(618, 'document.url.prev ()', 155, 0),
(619, 'Url.return ()', 155, 0),
(620, 'History. Back ()', 155, 1),
(621, 'Match ()', 156, 0),
(622, 'Replace ()', 156, 0),
(623, 'Slice ()', 156, 0),
(624, 'Split ()', 156, 1),
(625, 'Un atributo', 157, 0),
(626, 'Un nodo', 157, 1),
(627, 'Una tabla', 157, 0),
(628, 'Las anteriores respuestas no son correctas', 157, 0),
(629, 'browser.appVersion', 158, 0),
(630, 'browser.version', 158, 0),
(631, 'navigator.appVersion', 158, 1),
(632, 'navigator.version', 158, 0),
(633, 'window.status(el mensaje)', 159, 0),
(634, 'navigator.status(el mensaje)', 159, 0),
(635, 'window.status = el mensaje', 159, 1),
(636, 'navigator.status igual el mensaje', 159, 0),
(637, 'console.append()', 160, 0),
(638, 'console.log()', 160, 1),
(639, 'console.print()', 160, 0),
(640, 'console.write()', 160, 0),
(641, 'No hay ningún objeto', 161, 0),
(642, 'ExpReg', 161, 0),
(643, 'RegExp', 161, 1),
(644, 'Rexp', 161, 0),
(645, 'document.print(Hola mundo)', 162, 0),
(646, 'document.write(Hola mundo)', 162, 1),
(647, 'window.print(Hola mundo)', 162, 0),
(648, 'window.write(Hola mundo)', 162, 0),
(649, 'Exit for', 163, 0),
(650, 'toLower()', 163, 0),
(651, 'toLowerCase()', 163, 0),
(652, 'Ninguna de las anteriores', 163, 1),
(653, 'document.arrayCookie', 164, 0),
(654, 'document.cookie', 164, 1),
(655, 'document.getCookie()', 164, 0),
(656, 'Las anteriores respuestas no son correctas', 164, 0),
(657, 'En el <head>', 165, 0),
(658, 'En el <body>', 165, 0),
(659, 'Tanto en el <head> como en el <body>', 165, 1),
(660, 'Si el código está en un fichero aparte, sólo en el <head>', 165, 0),
(661, 'numeral Comentario', 166, 0),
(662, 'barra inclinada Comentario', 166, 1),
(663, 'Comentario', 166, 0),
(664, 'Las anteriores respuestas no son correctas', 166, 0),
(665, '&', 167, 0),
(666, '+', 167, 1),
(667, '.', 167, 0),
(668, 'Las anteriores respuestas no son correctas', 167, 0),
(669, 'alert(Hola mundo!)', 168, 1),
(670, 'alertBox = Hola mundo', 168, 0),
(671, 'alertBox(Hola mundo)', 168, 0),
(672, 'msgBox(Hola mundo)', 168, 0),
(673, 'Compilado', 169, 0),
(674, 'Interpretado', 169, 1),
(675, 'No estructurado', 169, 0),
(676, 'Las anteriores respuestas no son correctas', 169, 0),
(677, 'if(i <> 5) ', 170, 0),
(678, 'if(i diferente 5)', 170, 1),
(679, 'if i <> 5', 170, 0),
(680, 'if i diferente 5', 170, 0),
(681, '<script name=xxx.js type=text/javascript /> ', 171, 0),
(682, '<script href=xxx.js type=text/javascript />', 171, 0),
(683, '<script src=xxx.js type=text/javascript />', 171, 1),
(684, 'Las anteriores respuestas no son correctas', 171, 0),
(685, 'call function miFuncion()', 172, 0),
(686, 'call miFuncion()', 172, 0),
(687, 'miFuncion()', 172, 1),
(688, 'Las anteriores respuestas no son correctas', 172, 0),
(689, ' Comentario ', 173, 0),
(690, ' Comentario', 173, 0),
(691, '\' Comentario', 173, 0),
(692, 'Las anteriores respuestas no son correctas', 173, 1),
(693, 'Sí', 174, 0),
(694, 'No', 174, 1),
(695, 'No siempre', 174, 0),
(696, 'Las anteriores respuestas no son correctas', 174, 0),
(697, 'function:miFuncion()', 175, 0),
(698, 'function-miFuncion()', 175, 0),
(699, 'function miFuncion()', 175, 1),
(700, 'Las anteriores respuestas no son correctas', 175, 0),
(701, 'Math.rnd()', 176, 0),
(702, 'Math.round()', 176, 0),
(703, 'Math.random()', 176, 1),
(704, 'Las anteriores respuestas no son correctas', 176, 0),
(705, 'Se emplea el punto y coma  y es obligatorio ', 177, 0),
(706, 'Se emplea el punto y coma  pero es opcional', 177, 1),
(707, 'No se emplea ningún delimitador', 177, 0),
(708, 'Las anteriores respuestas no son correctas', 177, 0),
(709, 'servidor', 178, 0),
(710, 'cliente en el propio navegador de internet)', 178, 1),
(711, 'HTML', 178, 0),
(712, 'body', 178, 0),
(713, 'JavaScript es la versión interpretada de Java', 179, 0),
(714, 'JavaScript es un subconjunto de Java', 179, 0),
(715, 'JavaScript es una ramificación branch que surgió de Java', 179, 0),
(716, 'Las anteriores respuestas no son correctas', 179, 1),
(717, 'char()', 180, 0),
(718, 'charAt()', 180, 1),
(719, 'value()', 180, 0),
(720, 'Las anteriores respuestas no son correctas', 180, 0),
(721, 'window.open pagina.html', 181, 1),
(722, 'window.newpagina.html, nueva', 181, 0),
(723, 'window.create pagina.html, nueva', 181, 0),
(724, 'Las anteriores respuestas no son correctas', 181, 0),
(725, 'alert Esto es un mensaje', 182, 1),
(726, 'msgBox Esto es un mensaje', 182, 0),
(727, 'show Esto es un mensaje', 182, 0),
(728, 'popupEsto es un mensaje', 182, 0),
(729, 'Las funciones anónimas no están soportadas en Javascript', 183, 0),
(730, 'Un método que no devuelve valor', 183, 0),
(731, 'Una función que no reside en memoria', 183, 0),
(732, 'Una función sin etiqueta que la defina', 183, 1),
(733, 'document.getElementsByName menú', 184, 0),
(734, 'document.getId menú', 184, 0),
(735, 'document.getElementById menú', 184, 1),
(736, 'document.getElementsByClassName menú', 184, 0),
(737, 'Mozilla', 185, 0),
(738, 'Netscape', 185, 1),
(739, 'Sun', 185, 0),
(740, 'Las anteriores respuestas no son correctas', 185, 0),
(741, 'length abcdef', 186, 0),
(742, 'count abcdef ', 186, 0),
(743, 'abcdef.count', 186, 0),
(744, 'abcdef.length', 186, 1),
(745, 'is_a', 187, 0),
(746, 'type', 187, 0),
(747, 'Typeof', 187, 1),
(748, 'isinstance', 187, 0),
(749, 'No se pueden usar mayúsculas', 188, 0),
(750, 'JavaScript no distingue entre mayúsculas y minúsculas', 188, 0),
(751, 'JavaScript diferencia entre mayúsculas y minúsculas', 188, 1),
(752, 'No se puede usar teclas especiales', 188, 0),
(753, 'var txt = new Array:1=tim,2=kim,3=jim', 189, 0),
(754, 'var txt = new Array 1=tim,2=kim,3=jim', 189, 0),
(755, 'var txt = new Array tim,kim,jim', 189, 1),
(756, 'Las anteriores respuestas no son correctas', 189, 0),
(757, 'Round 7.25', 190, 0),
(758, 'Math.round 7.25', 190, 1),
(759, 'Math.rnd 7.25', 190, 0),
(760, 'rnd7.25 ', 190, 0),
(761, 'Lower ()', 191, 0),
(762, 'lowerCase()', 191, 0),
(763, 'toLower()', 191, 0),
(764, 'toLowerCase()', 191, 1),
(765, 'Los elementos pueden tener distinto tipo', 192, 0),
(766, 'No se pueden crear arrays multidimensionales', 192, 1),
(767, 'El índice puede ser una cadena o un entero', 192, 0),
(768, 'Se emplean los corchetes para indicar las posiciones en el array', 192, 0),
(769, '-1', 193, 0),
(770, '0', 193, 1),
(771, '1', 193, 0),
(772, 'Las anteriores respuestas no son correctas', 193, 0),
(773, 'Finaliza la ejecución del método actual', 194, 0),
(774, 'Finaliza la ejecución del código', 194, 0),
(775, 'Salta a la siguiente iteración en el bucle for, while o do-while actual', 194, 0),
(776, 'Finaliza la ejecución del bucle for, while o do-while actual', 194, 1),
(777, 'Ceil (2, 4)', 195, 0),
(778, 'Top (2, 4)', 195, 0),
(779, 'Math.ceil(2, 4)', 195, 0),
(780, 'Math.max (2, 4)', 195, 1),
(781, 'Bill Gates', 196, 0),
(782, 'Bjarne Stroustrup', 196, 0),
(783, 'Brendan Eich', 196, 1),
(784, 'Dennis M. Ritchie', 196, 0),
(785, 'Send', 197, 0),
(786, 'Return', 197, 1),
(787, 'Value', 197, 0),
(788, 'Id', 197, 0),
(789, 'If (a==0) alert (a)', 198, 1),
(790, 'If (a==0) print a', 198, 0),
(791, 'If (a==0) print [a] ', 198, 0),
(792, 'If (a==0): print a', 198, 0),
(801, 'a. a', 201, 0),
(802, 'b. w+', 201, 0),
(803, 'c. w', 201, 0),
(804, 'd. r+', 201, 1),
(805, 'Depende de la configuración del servidor web', 202, 0),
(806, 'Hasta que el servidor web se cierre', 202, 0),
(807, '60 minutos', 202, 0),
(808, 'Hasta que el navegador web se cierre', 202, 1),
(809, 'a. =, .=, +=, -=, *=, /=, %=', 203, 0),
(810, 'b. &&, ||, and, or, xor', 203, 0),
(811, 'c. ==, !=, <> <, <=, >, >= ', 203, 1),
(812, 'd. Las anteriores respuestas no son 1s', 203, 0),
(813, 'a. Método', 204, 1),
(814, 'b. Clase', 204, 0),
(815, 'c. Objeto', 204, 0),
(816, 'd. Variable', 204, 0),
(817, 'a. La dirección IP del servidor', 205, 0),
(818, 'b. La versión de HTTP del servidor', 205, 0),
(819, 'c. El nombre del servidor ', 205, 1),
(820, 'd. Las anteriores respuestas no son 1s ', 205, 0),
(821, 'a. 1', 206, 0),
(822, 'b. 2', 206, 1),
(823, 'c. null', 206, 0),
(824, 'd. Las anteriores respuestas no son 1s', 206, 0),
(825, 'a. odbc_open(¨DSN¨);', 207, 0),
(826, 'b. odbc_open(¨DSN¨, ¨usuario¨, ¨contraseña¨);', 207, 0),
(827, 'c. odbc_connect(¨DSN¨); ', 207, 0),
(828, 'd. odbc_connect(¨DSN, ¨usuario¨, ¨contraseña¨);', 207, 1),
(829, 'a. filter_has_var()', 208, 0),
(830, 'b. filter_input() ', 208, 0),
(831, 'c. Las anteriores respuestas no son 1s', 208, 1),
(832, 'd. filter_list()', 208, 0),
(833, 'a. Mejora el tiempo de respuesta de la aplicación', 209, 0),
(834, 'b. Las anteriores respuestas no son 1s', 209, 1),
(835, 'c. Reduce la carga de trabajo en el servidor', 209, 0),
(836, 'd. Simplifica el código que se debe programar en el servidor', 209, 0),
(837, 'a. Activa la gestión de los mensajes de error', 210, 0),
(838, 'b. Reinicia la cola de mensajes de error', 210, 0),
(839, 'c. Devuelve el texto del mensaje de error de la operación anterior', 210, 1),
(840, 'd. Devuelve el código de error de la operación anterior', 210, 0),
(841, ' a. <?php>...</?>', 211, 0),
(842, 'b. <?php…?> ', 211, 1),
(843, 'c. <&>...</&>', 211, 0),
(844, '.d <Script>...</script> ', 211, 0),
(845, 'a. is_file() ', 212, 1),
(846, 'b. is_link() ', 212, 0),
(847, 'c. is_archive()', 212, 0),
(848, 'd. is_normal()', 212, 0),
(849, 'a. $a[\'d\']', 213, 0),
(850, 'c. $a[2]  ', 213, 0),
(851, 'c. $a[4]', 213, 1),
(852, 'd. $a[0]', 213, 0),
(853, 'a. abstract', 214, 0),
(854, 'b. void', 214, 0),
(855, 'c. Las anteriores respuestas no son 1s', 214, 0),
(856, 'final', 214, 1),
(857, 'a, mysql_fetch_array()', 215, 0),
(858, 'b. mysql_fetch_row()', 215, 0),
(859, 'c. mysql_fetch_assoc() ', 215, 1),
(860, 'd. Las anteriores respuestas no son 1s', 215, 0),
(861, 'a. . La dirección IP del servidor ', 216, 0),
(862, 'b. La dirección IP del visitante ', 216, 1),
(863, 'c. La dirección IP del servidor de DNS ', 216, 0),
(864, 'd. Las anteriores respuestas no son 1s ', 216, 0),
(865, 'a. PCRE ', 217, 0),
(866, 'b. POSIX', 217, 1),
(867, 'c. Perl', 217, 0),
(868, 'd. Las anteriores respuestas no son 1s', 217, 0),
(869, 'a. 3', 218, 1),
(870, 'b. 1', 218, 0),
(871, 'c. 2', 218, 0),
(872, 'd. Las anteriores respuestas no son 1s', 218, 0),
(873, 'a. Los ficheros que se incluyen con include deben tener la extensión ¨.inc¨', 219, 0),
(874, 'b. La sintaxis <?php sólo está disponible cuando se configura en php.ini', 219, 0),
(875, 'c. die y exit son equivalentes ', 219, 1),
(876, 'd.echo y print son equivalentes', 219, 0),
(877, 'a. const', 220, 0),
(878, 'b. define', 220, 1),
(879, 'c. constant', 220, 0),
(880, 'd. fixed', 220, 0),
(881, 'a. include() ', 221, 0),
(882, 'b. require() ', 221, 1),
(883, 'c. include_once()', 221, 0),
(884, 'd. Las anteriores respuestas no son 1s', 221, 0),
(885, 'a. array', 222, 1),
(886, 'b. float ()', 222, 0),
(887, 'c. string ', 222, 0),
(888, 'd. Las anteriores respuestas no son 1s', 222, 0),
(889, 'a. find()', 223, 0),
(890, 'b. sort() ', 223, 0),
(891, 'c. find()', 223, 0),
(892, 'd. in_array()', 223, 1),
(893, 'a. go?go?go ', 224, 0),
(894, 'b. ........ ', 224, 1),
(895, 'c. go*go*go ', 224, 0),
(896, 'd. go-go-go ', 224, 0),
(897, 'a. La herencia ', 225, 1),
(898, 'b. El destructor', 225, 0),
(899, 'c. La ocultación ', 225, 0),
(900, 'd. Las anteriores respuestas no son 1s', 225, 0),
(901, 'a. Viendo el código fuente de la página en el navegador', 226, 0),
(902, 'b. Viendo si la extensión de la página acaba en .php', 226, 0),
(903, 'c. Viendo las cabeceras HTTP de la página', 226, 0),
(904, 'Nunca se puede estar seguro al 100% de si una página ha sido desarrollada con PHP', 226, 1),
(905, ' a. ADOdb ', 227, 0),
(906, 'b. mysqli', 227, 1),
(907, 'c. ODBC ', 227, 0),
(908, 'd. PDO', 227, 0),
(909, 'a. odbc_connect() y odbc_close()', 228, 1),
(910, 'b. odbc_open() y odbc_disconnect()', 228, 0),
(911, 'c. odbc_open() y odbc_close() ', 228, 0),
(912, 'd. odbc_connect() y odbc_disconnect()', 228, 0),
(913, 'a. Un puntero a fichero que se puede emplear en otras funciones para leer el contenido del fichero', 229, 0),
(914, 'b. Un array en el que cada posición es una línea del fichero ', 229, 1),
(915, 'c. Una cadena que contiene todo el contenido del fichero ', 229, 0),
(916, 'd. Las anteriores respuestas no son 1s', 229, 0),
(917, 'a. include ¨fichero¨;', 230, 0),
(918, 'b. include(¨fichero¨);', 230, 0),
(919, 'c. require ¨fichero¨;', 230, 0),
(920, 'd. Todas las respuestas son 1s', 230, 1),
(921, 'a. lower()', 231, 0),
(922, 'b. strtolower() ', 231, 1),
(923, 'c. tolower() ', 231, 0),
(924, 'd. str2lower()', 231, 0),
(925, 'a. Con document.cookie', 232, 0),
(926, 'b. Con $_COOKIE', 232, 0),
(927, 'c. Con doCookie()', 232, 0),
(928, 'd. Con setcookie()', 232, 1),
(929, 'a. El código está bien', 233, 0),
(930, 'b. La definición de una clase no puede estar vacía', 233, 0),
(931, 'c. La clase C no puede heredar a la vez de las clases A y B', 233, 1),
(932, 'd. Falta el punto y coma ¨;¨ detrás de la definición de cada clase', 233, 0),
(933, 'a. Caught Exception', 234, 1),
(934, 'b. hello', 234, 0),
(935, 'c. Caught MyException', 234, 0),
(936, 'd. Las anteriores respuestas no son 1s', 234, 0),
(937, 'a. Perro Gato', 235, 0),
(938, 'b. Perro Perro', 235, 1),
(939, 'c. Gato Perro ', 235, 0),
(940, 'd. Gato Gato', 235, 0),
(941, 'b. 4', 236, 1),
(942, 'b. 3', 236, 0),
(943, 'c. 5', 236, 0),
(944, 'd. Las anteriores respuestas no son 1s', 236, 0),
(945, 'a. Private Home Page', 237, 0),
(946, 'b. Personal Hypertext Processor', 237, 0),
(947, 'c. PHP: Hypertext Preprocessor', 237, 1),
(948, 'd. Personal Home Page', 237, 0),
(949, 'a.  .', 238, 0),
(950, 'b.  ;', 238, 1),
(951, ' c.  $', 238, 0),
(952, 'd.  %', 238, 0),
(953, 'a. Una variable que está disponible en todos los ámbitos del código', 239, 1),
(954, 'b. Una variable que se mantiene a lo largo de diferentes peticiones a una página web', 239, 0),
(955, 'c. Una variable que permite acceder a todas las variables globales', 239, 0),
(956, 'd. Una variable que actúa como global sin ser global', 239, 0),
(957, 'a.  :', 240, 0),
(958, 'b.  ;', 240, 1),
(959, 'C.  ,', 240, 0),
(960, 'D,  .', 240, 0),
(961, 'a. /* y */ ', 241, 1),
(962, 'b. // y //', 241, 0),
(963, 'C. /* y /*', 241, 0),
(964, 'd. /# y #', 241, 0),
(965, 'a. $esta_ok = True;', 242, 0),
(966, 'b. $esta_ok = true;', 242, 0),
(967, 'C. $esta_ok = TRUE', 242, 0),
(968, 'd. Todas las respuestas anteriores son Correctas.', 242, 1),
(969, 'a. $flag', 243, 0),
(970, 'b. $NUMERO', 243, 0),
(971, 'C. $5estrellas', 243, 1),
(972, 'd. $_valor', 243, 0),
(973, 'a. ___NUMPROC', 244, 0),
(974, 'b. NUMPROC', 244, 0),
(975, 'C. _3PROCESOS', 244, 0),
(976, 'd. 3PROCESOS', 244, 1),
(1001, 'A). Permitir que cualquier elemento de la página se pueda arrastrar', 251, 1),
(1002, 'B). Permitir que toda la página se pueda arrastrar', 251, 0),
(1003, 'C). Permitir que una imagen de la página se pueda arrastrar', 251, 0),
(1004, 'D). Perminit que el navegador se pueda arrastar', 251, 0),
(1005, 'A). Almacenamiento local y almacenamiento de sección', 252, 1),
(1006, 'B). Almacenamiento usb y almacenamiento en ram', 252, 0),
(1007, 'C). Almacenamiento por diskette', 252, 0),
(1008, 'D). Almacenamiento local', 252, 0),
(1009, 'A). <audio  /src =\"URL\"/>', 253, 0),
(1010, 'B). <mp3 src=\"URL\"></audio>', 253, 0),
(1011, 'C). <audio src=\"URL\"></audio>', 253, 1),
(1012, 'D). <src audio = \"URL\"> </ audio> ', 253, 0),
(1013, 'A). li', 254, 0),
(1014, 'B). nav', 254, 0),
(1015, 'C). svg ', 254, 1),
(1016, 'D). i', 254, 0),
(1017, 'A). una etiqueta para hacer un lienzo virtual que se utiliza para dibujar mediante  uso de JavaScript', 255, 1),
(1018, 'B). Una etiqueta para hacer sumas, restas, y demás ecuaciones matemáticas', 255, 0),
(1019, 'C). Un framework que mejora la funcionalidad de CSS', 255, 0),
(1020, 'D). Una etiqueta para hacer un lienzo virtual que se utiliza para dibujar mediante el uso de android', 255, 0),
(1021, 'A). <!DOCTYPE html> <html> <head> <title> <body>', 256, 1),
(1022, 'B).<html><!DOCTYPE html> <head><title><body>', 256, 0),
(1023, 'C). <head><!DOCTYPE html><html><title><body>', 256, 0),
(1024, 'D).<title><!DOCTYPE html><html> <head><body>', 256, 0),
(1025, 'A). Css.css', 257, 0),
(1026, 'B). index.html', 257, 1),
(1027, 'C). JavaScript.Js', 257, 0),
(1028, 'D). NotepaD.txt', 257, 0),
(1029, 'A). #ffffff o \"white\"', 258, 1),
(1030, 'B). #white o \"ffffff\"', 258, 0),
(1031, 'C). #blanco o \"white\"', 258, 0),
(1032, 'D). #ffffff o \"Blanco\"', 258, 0),
(1033, 'A). Una etiqueta para enumerar', 259, 0),
(1034, 'B). Una etiqueta para crear bloques de contenido', 259, 1),
(1035, 'C). Una etiqueta para hacer saltos de línea', 259, 0),
(1036, 'D). Una etiqueta para guardar datos automáticamente', 259, 0),
(1037, 'A). <img src=\" imagen.png \" width=\"\" HEIGHT=\"\" alt=\"xyz\"/>', 260, 1),
(1038, 'B). <imagen= \"imagen.png\" Alto=\"\" Ancho=\"\"/>', 260, 0),
(1039, 'C). <image= \"imagen.png\" width=\"\" height=\"\" ALT=\"xyz\" />', 260, 0),
(1040, 'D). <insertar img=\"imagen.png\" altura=\"\" Anchura=\"\" >', 260, 0),
(1041, 'A). <a href=\"enlace\">', 261, 1),
(1042, 'B). <href=\"enlace\">', 261, 0),
(1043, 'C). <a =\"enlace\">', 261, 0),
(1044, 'D). <\"enlace\">', 261, 0),
(1045, 'A). Realizar todas las modificaciones en el archivo .HTML', 262, 0),
(1046, 'B). Realizar todas las modificaciones en el archivo .CSS', 262, 1),
(1047, 'C). Realizar todas las modificaciones en el archivo .JS', 262, 0),
(1048, 'D). Realizar todas las modificaciones en el archivo .PHP', 262, 0),
(1049, 'A). Usar puntos y acentuaciones en el código correctamente', 263, 0),
(1050, 'B). Revisar las comas y los puntos y comas en el código correctamente', 263, 0),
(1051, 'C). Comentar e indentar el código  correctamente', 263, 0),
(1052, 'D). Usar variables como (Var1, var2, var3, va4 etc…)', 263, 0),
(1053, 'A).Hyper Text Markup Language', 264, 1),
(1054, 'B). Language Hyper Text Markup', 264, 0),
(1055, 'C).Markup Hyper Text  Language', 264, 0),
(1056, 'D).Text Hyper Markup   Language', 264, 0),
(1057, 'A). organizar el código en un formato mucho más legible.', 265, 1),
(1058, 'B). Crear más espacio', 265, 0),
(1059, 'C). Aumentar el peso del archivo', 265, 0),
(1060, 'D). Permitir compatibilidad con todos los navegadores', 265, 0),
(1061, 'A). No ', 266, 0),
(1062, 'B). Aveces', 266, 0),
(1063, 'C). Si', 266, 1),
(1064, 'D). Cuando les da la gana', 266, 0),
(1065, 'A). Si', 267, 0),
(1066, 'B). Textos y titulos solamente  ', 267, 0),
(1067, 'C). No', 267, 1),
(1068, 'D). Textos e imagenes solamente ', 267, 0),
(1069, 'A). No', 268, 0),
(1070, 'B). Aveces ', 268, 0),
(1071, 'C). Tal vez', 268, 0),
(1072, 'D). Si', 268, 1),
(1073, 'A). Con la etiqueta <nav>', 269, 0),
(1074, 'B). La etiqueta <li>', 269, 1),
(1075, 'C). Con la etiqueta <Nav li>', 269, 0),
(1076, 'D). B y C son correctas', 269, 0),
(1077, 'A). <fuente color=\"color\">', 270, 0),
(1078, 'B). <font color =\"color\">', 270, 1),
(1079, 'C). <color=\"Color\" >', 270, 0),
(1080, 'D). <change color =\"color\">', 270, 0),
(1081, 'A). entidad', 271, 0),
(1082, 'B). pixel', 271, 1),
(1083, 'C). pex', 271, 0),
(1084, 'D). puntaje', 271, 0),
(1085, 'A). 10 caracteres', 272, 0),
(1086, 'B). 11 carateres', 272, 0),
(1087, 'C). 12 caracteres', 272, 0),
(1088, 'D). Limite establecido por desarrolador', 272, 1),
(1089, 'A). Modificar anchura y altura', 273, 1),
(1090, 'B). Modificar top y botton', 273, 0),
(1091, 'C). Modificar matices Color', 273, 0),
(1092, 'D). Modificar fuentes y tamaños de textos', 273, 0),
(1093, 'A). Modifica la distancia entre el limite superior  y el limite inferior', 274, 1),
(1094, 'B). Modifica  la distancia entre el limite izquierdo y el limite derecho', 274, 0),
(1095, 'C). Modifica la distancia entre el limite superior  izquierdo y el limite superior derecho', 274, 0),
(1096, 'D). Modifica la distancia entre el limite superior y el limite derecho', 274, 0),
(1097, 'A). Aveces', 275, 0),
(1098, 'B). No', 275, 0),
(1099, 'C). Si', 275, 1),
(1100, 'D). Cuando le da la gana', 275, 0),
(1101, 'A). Creative Style System', 276, 0),
(1102, 'B). Class Style Sheets', 276, 0),
(1103, 'C). Cascading Style Sheets', 276, 1),
(1104, 'D). Cascading Style System', 276, 0),
(1105, 'A). {p=color:red}', 277, 0),
(1106, 'B). {p:color=red}', 277, 0),
(1107, 'C). {color=red}', 277, 0),
(1108, 'D). p{color:red}', 277, 1),
(1109, 'A). code', 278, 0),
(1110, 'B). style', 278, 1),
(1111, 'C). name', 278, 0),
(1112, 'D). value', 278, 0),
(1113, 'A). <css rel=\"estilos.css\">', 279, 0),
(1114, 'B). <style src=\"/estilos.css\">', 279, 0),
(1115, 'C). <link src=\"/stylesheet\" name=\"text/css\" href=\"/estilos.css\">', 279, 0),
(1116, 'D). <link rel=\"stylesheet\" type=\"text/css\" href=\"/estilos.css\">', 279, 1),
(1117, 'A). background-color:', 280, 1),
(1118, 'B). color:', 280, 0),
(1119, 'C). bgcolor:', 280, 0),
(1120, 'D). style-color:', 280, 0),
(1121, 'A). text-transform:lowercase', 281, 0),
(1122, 'B). text-decoration:line-through', 281, 0),
(1123, 'C). text-decoration:underline', 281, 1),
(1124, 'D). text-transform:underline', 281, 0),
(1125, 'A). p{word-spacing:10px}', 282, 1),
(1126, 'B). p{letter-spacing:10px}', 282, 0),
(1127, 'C). p{white-space:10px}', 282, 0),
(1128, 'D). Ninguna de las anteriores.', 282, 0),
(1129, 'A). font-family:', 283, 1),
(1130, 'B). font-style:', 283, 0),
(1131, 'C). font-type:', 283, 0),
(1132, 'D). font-variant:', 283, 0),
(1133, 'A). p{bold}', 284, 0),
(1134, 'B). p{font-family:bold}', 284, 0),
(1135, 'C). p{font-weight:bold}', 284, 1),
(1136, 'D). p{text:bold}', 284, 0),
(1137, 'A). border-color:', 285, 1),
(1138, 'B). color-border:', 285, 0),
(1139, 'C). border-bgcolor:', 285, 0),
(1140, 'D). border-style:', 285, 0),
(1141, 'A). a{text-decoration:no underline}', 286, 0),
(1142, 'B).  a{font-decoration:no underline}', 286, 0),
(1143, 'C).  a{underline:none}', 286, 0),
(1144, 'D). Ninguna de las anteriores.', 286, 1),
(1145, 'A). ol{list-style-type:lower-roman}', 287, 0),
(1146, 'B). ol{list-style-type:roman}', 287, 0),
(1147, 'C). ol{list-style-type:upper-roman}', 287, 1),
(1148, 'D). ol{list-type:upper-roman}', 287, 0),
(1149, 'A). padding-right:', 288, 0),
(1150, 'B). border-right:', 288, 0),
(1151, 'C). margin-right:', 288, 1),
(1152, 'D). La 1ª y la 3ª.', 288, 0),
(1153, 'A). table:collapse', 289, 0),
(1154, 'B). table-layout:collapse', 289, 0),
(1155, 'C). table-layout:auto table:fixed', 289, 1),
(1156, 'D). table-layout:fixed table:auto', 289, 0),
(1157, 'A). align:', 290, 0),
(1158, 'B). valign:', 290, 0),
(1159, 'C). align-vertical:', 290, 0),
(1160, 'D). vertical-align:', 290, 1),
(1161, 'A). margin:2cm 3cm 4cm 1cm', 291, 1),
(1162, 'B). margin:1cm 2cm 3cm 4cm', 291, 0),
(1163, 'C). margin:1cm 3cm 2cm 4cm', 291, 0),
(1164, 'D). margin:4cm 3cm 2cm 1cm', 291, 0),
(1165, 'A). background-attachment:', 292, 0),
(1166, 'B). background-img:', 292, 0),
(1167, 'C). background-src:', 292, 0),
(1168, 'D). Ninguna de las anteriores', 292, 1),
(1169, 'A). <--Comentario-->', 293, 0),
(1170, 'B). //Comentario//', 293, 0),
(1171, 'C). /*Comentario*/', 293, 1),
(1172, 'D). /-Comentario-/', 293, 0),
(1173, 'A). p{font-family:\"Times New Roman\"}', 294, 1),
(1174, ',B). p{font-family:Times-New-Roman}', 294, 0),
(1175, ',C). p{font-family:(Times New Roman)}', 294, 0),
(1176, 'D). p{font-family:TimesNewRoman}', 294, 0),
(1177, 'A). text-decoration:uppercase', 295, 0),
(1178, 'B). text-transform:capitalize', 295, 1),
(1179, 'C). text-transform:uppercase', 295, 0),
(1180, 'D). text-decoration:capitalize', 295, 0),
(1181, 'A). border-style: 3px dashed', 296, 0),
(1182, 'B). border-element: #FF00000 3px', 296, 0),
(1183, 'C). border: solid ', 296, 0),
(1184, 'D). border: 3px solid #F00', 296, 1),
(1185, 'A).radius: 15px', 297, 0),
(1186, 'B).border-all-sides: 15px', 297, 0),
(1187, 'C).border-radius: #00FF00', 297, 0),
(1188, 'D).border-radius: 15px ', 297, 1),
(1189, 'A). sombra{ box-shadow: dashed 10px 5px 0px 23px 10px 5px #CCC} ', 298, 0),
(1190, 'B). sombra {box-shadow: 0px 23px 10px 5px #CCC}', 298, 0),
(1191, 'C). .sombra { box-shadow: dashed 10px 5px 0px 23px 10px 5px #CCC}', 298, 0),
(1192, 'D). .sombra { box-shadow: 0px 23px 10px 5px #CCC }', 298, 1),
(1193, 'A). .contenedor img { max-width: 100%; }', 299, 1),
(1194, 'B). .contenedor img {width: 100px}', 299, 0),
(1195, 'C). .contenedor img {higth: max-width: 100%}', 299, 0),
(1196, 'D). .contenedor img { width: max-width}', 299, 0),
(1197, 'A). p.mouseover{font-size: 20px}', 300, 0),
(1198, 'B). p:hover { font-size: 20px }', 300, 1),
(1199, 'C). p.mousehover{font-size: 20px}', 300, 0),
(1200, 'D). p:hover { font-size: 10px - 20px }', 300, 0),
(1201, 'para resolver problemas', 302, 1),
(1202, 'para resolver operaciones', 302, 0);
INSERT INTO `respuestas` (`id_respuesta`, `respuesta`, `id_pregunta`, `v_pregunta`) VALUES
(1203, 'para una busqueda', 302, 0),
(1204, 'todas son correctas', 302, 0),
(1205, 'un metodo', 301, 0),
(1206, 'un problema', 301, 0),
(1207, 'secuencia de pasos logicos', 301, 1),
(1208, 'todas son correctas', 301, 0),
(1209, 'un metodo para realizar algo', 303, 0),
(1210, 'Es aquel  la en la que una acción sigue a otra en secuencia ', 303, 0),
(1211, 'Son usados para representar algoritmos pequeños', 303, 1),
(1212, 'todas son correctas', 303, 0),
(1213, 'Es una descripción de alto nivel de un algoritmo', 304, 0),
(1214, 'La representación de las estructuras son similares u homónimas de los lenguajes de programacion', 304, 1),
(1215, 'una representación de algo', 304, 0),
(1216, 'todas son correctas', 304, 0),
(1217, ') Es una descripción de alto nivel de un algoritmo que emplea una mezcla de  lenguaje natural con algunas convenciones sintácticas propias de lenguajes de programación.', 305, 0),
(1218, ') Son usados para representar algoritmos pequeños, ya que abarcan mucho espacio\r\ny su construcción es laboriosa\r\n', 305, 1),
(1219, ') Es un conjunto prescrito de instrucciones o reglas bien definidas, ordenadas y\r\nFinitas que permite realizar una actividad.\r\n', 305, 0),
(1220, 'todas son correctas.', 305, 0),
(1221, 'Aritméticos y Lógicos', 306, 1),
(1222, 'relacionale', 306, 0),
(1223, 'las dos son correctas', 306, 0),
(1224, 'todas son correctas', 306, 0),
(1225, 'Debe estar dentro de contexto', 307, 0),
(1226, 'Debe Definirse del problema', 307, 0),
(1227, 'todas son correctas.', 307, 0),
(1228, 'Traducir dichos  algoritmos a un lenguaje de programación específico', 307, 1),
(1229, 'Procesos que son rea l izados por e l ser humano', 308, 0),
(1230, 'Procesos realizados por una computadora ', 308, 1),
(1231, 'un problema realizado por una persona', 308, 0),
(1232, 'todas son correctas', 308, 0),
(1233, 'Procesos realizados por una computadora', 309, 1),
(1234, 'Procesos que son realizados por el ser humano', 309, 0),
(1235, 'proceso realizado por un profesor', 309, 0),
(1236, 'todas son correctas', 309, 0),
(1237, 'un metodo', 310, 0),
(1238, 'Son aquellos en los que se utilizan cálculos numéricos para definir los pasos del proceso', 310, 1),
(1239, 'un problema', 310, 0),
(1240, 'ninguna de las anteriores', 310, 0),
(1241, 'entender el problema, trazar un plan, Ejecutar el plan, Revisa', 311, 1),
(1242, 'un algoritmo, una tarea, una solucion', 311, 0),
(1243, 'un problema, un span, un slide.', 311, 0),
(1244, 'todas son correctas', 311, 0),
(1245, 'php', 312, 0),
(1246, 'fortran', 312, 1),
(1247, 'C#', 312, 0),
(1248, 'todas son incorrectas', 312, 0),
(1249, 'un ciclo repetitivo', 313, 0),
(1250, 'tipo de datos', 313, 1),
(1256, 'algoritmos relacionales', 313, 0),
(1257, 'todas son incorrectas', 313, 0),
(1258, 'dar una respuesta compleja', 314, 0),
(1259, 'hallar el mismo resultado de otra manera', 314, 0),
(1260, 'las dos son correctas', 314, 1),
(1261, 'ambas son incorrectas', 314, 0),
(1262, 'Escoger y decidir las operaciones a efectuar', 315, 1),
(1263, 'Dar una respuesta compleja', 315, 0),
(1264, 'Sentencias de control', 315, 0),
(1265, 'todas son correctas', 315, 0),
(1266, 'una estructura de datos', 316, 1),
(1267, 'Son Tipos de datos', 316, 0),
(1268, 'Permiten operaciones aritméticas comunes.', 316, 0),
(1269, 'todas son incorrectas', 316, 0),
(1270, 'datos', 317, 0),
(1271, 'tipo de variables', 317, 0),
(1272, 'sentencias de control', 317, 1),
(1273, 'todas son correctas', 317, 0),
(1274, 'Permiten operaciones aritméticas comunes.', 318, 0),
(1275, 'Una estructura de datos en la que las inserciones se realizan por un extremo y las extracciones por el otro extremo.', 318, 0),
(1276, 'Una sentencia que permite ejecutar un bloque aislado de código varias veces hasta que se cumpla (o deje de cumplirse) la condición asignada al bucle.', 318, 1),
(1277, 'todas son incorrectas', 318, 0),
(1278, 'tipos de datos', 319, 1),
(1279, 'diagramas', 319, 0),
(1280, 'todas son correctas', 319, 0),
(1281, 'todas son incorrectas', 319, 0),
(1282, 'Sentencias de control', 320, 0),
(1283, 'Permiten operaciones aritméticas comunes.', 320, 1),
(1284, 'Son Tipos de datos', 320, 0),
(1285, 'todas son correctas', 320, 0),
(1286, 'a)	Son aquellos que solo pueden tener dos valores.', 321, 1),
(1287, 'b)	Resolver un problema.', 321, 0),
(1288, 'c)	Resolver una operación ', 321, 0),
(1289, 'todas son incorrectas', 321, 0),
(1290, 'Es la representación gráfica de un algoritmo', 322, 0),
(1291, 'códigos.', 322, 0),
(1292, 'Valores identificables de forma descriptiva.', 322, 1),
(1293, 'todas son incorrectas', 322, 0),
(1294, 'entender el problema , trazar un plan , Ejecutar el plan (resolver) y Revisar.', 323, 1),
(1295, '	Iniciar y resolver.', 323, 0),
(1296, 'Entender y terminar.', 323, 0),
(1297, 'd)	Revisar, trazar  un plan  y resolver.', 323, 0),
(1298, 'SER MODIFICABLES Y SER FINITO', 324, 0),
(1299, 'SER EFECTIVOS Y SER DEFINIDO', 324, 0),
(1300, 'SER EFECTIVOS Y SER DEFINIDO', 324, 0),
(1301, 'SER DEFINIDO SOLAMENTE.', 324, 0),
(1302, 'TODAS SON CORRECTAS', 324, 1),
(1303, 'Procesos-Datos', 325, 1),
(1304, 'Estructuras de Control ', 325, 0),
(1305, 'Las dos son correctas', 325, 0),
(1306, 'Todas son correctas', 325, 0),
(1307, 'diagrama de flujo', 326, 0),
(1308, 'Pseudocodigo', 326, 0),
(1309, 'Debe Definirse del problema, Debe estar dentro de contexto, Debe resolver el problema, Debe evitar la ambigüedad.', 326, 0),
(1310, 'todas son correctas', 326, 0),
(1311, 'Una Solución', 327, 0),
(1312, 'Simplificar el problema', 27, 0),
(1313, 'Ejecutar el detalle de cada operación', 327, 0),
(1314, 'todas son correctas', 327, 1),
(1315, 'Formalizar la solución', 328, 0),
(1316, 'Eliminar los datos inútiles', 328, 0),
(1317, 'Sacar lo necesario para aventurarlo', 328, 0),
(1318, 'todas son correctas', 328, 1),
(1319, 'El proceso de diseñar, codificar, depurar y mantener el código fuente de programas de\r\nOrdenador\r\n', 329, 0),
(1320, 'Ser un hacker ', 329, 0),
(1321, 'Dominar todo lo que este a su disposición. ', 329, 0),
(1322, 'todas son correctas', 329, 0),
(1323, '55', 330, 0),
(1324, '65', 330, 1),
(1325, '75', 330, 0),
(1326, '15', 330, 0),
(1327, 'Son aquellos que solo pueden tener dos valores', 331, 0),
(1328, 'Paradigmas de programación', 331, 1),
(1329, 'Son aquellos que solo pueden tener 1 valor', 331, 0),
(1330, 'Todas son correctas', 331, 0),
(1331, 'Más cerca del lenguaje máquina que de los lenguajes de alto nivel', 332, 1),
(1332, 'Permiten operaciones aritméticas comunes', 332, 0),
(1333, 'Sentencias de control', 332, 0),
(1334, 'Todas son correctas', 332, 0),
(1335, 'El proceso de diseñar, codificar, depurar y mantener el código fuente de programas de ordenador', 333, 1),
(1336, 'Escoger y decidir las operaciones a efectuar  ', 333, 0),
(1337, 'hallar el mismo resultado de otra manera', 333, 0),
(1338, 'Todas son correctas', 333, 0),
(1339, '10', 334, 1),
(1340, '20', 334, 0),
(1341, '30', 334, 0),
(1342, '40', 334, 0),
(1343, 'Símbolo de expresiones., Variables, Constantes', 335, 1),
(1344, 'Paréntesis y nombre de funciones', 335, 0),
(1345, 'cambiar y eliminar', 335, 0),
(1346, 'Inicio y fin', 335, 0),
(1347, 'religiosas', 336, 0),
(1348, 'Aritméticas, Relaciones y Lógicas', 336, 1),
(1349, 'en números', 336, 0),
(1350, 'Todas son correctas', 336, 0),
(1351, 'Aritméticas, Relaciones y Lógicas', 337, 0),
(1352, 'Los Operadores nos permiten Manipular valores', 337, 1),
(1353, 'Valores identificables de forma descriptiva', 337, 0),
(1354, 'Todas son correctas', 337, 0),
(1355, 'Coseno de x (radianes)', 338, 1),
(1356, 'Csc x ', 338, 0),
(1357, 'Seno x', 338, 0),
(1358, 'Ninguna de las anteriores', 338, 0),
(1359, 'FUNCIONES', 339, 1),
(1360, 'relaciones', 339, 0),
(1361, 'imágenes', 339, 0),
(1362, 'Todas son correctas', 339, 0),
(1363, '<______', 340, 1),
(1364, '*', 340, 0),
(1365, '///', 340, 0),
(1366, 'Todas son correctas', 340, 0),
(1367, 'Por su contenido y por su uso.', 341, 1),
(1368, 'por su código', 341, 0),
(1369, 'por su nombre', 341, 0),
(1370, 'Todas son correctas', 341, 0),
(1371, 'Variables y códigos', 342, 0),
(1372, 'Todas son correctas', 342, 0),
(1373, 'Variables de trabajo, Acumuladores, Contadores', 342, 1),
(1374, 'Todas son incorrectas', 342, 0),
(1375, 'Es la representación gráfica de un algoritmo', 343, 1),
(1376, 'Símbolo de expresiones', 343, 0),
(1377, 'Valores identificables de forma descriptiva', 343, 0),
(1378, 'Todas son incorrectas', 343, 0),
(1379, 'Valores identificables de forma descriptiva', 344, 0),
(1380, 'Todas son incorrectas', 344, 0),
(1381, 'Todas son correctas', 344, 0),
(1382, 'Traducir dichos algoritmos a un lenguaje de programación específico; es decir, las acciones definidas en los algoritmos hay que convertirlas a instrucciones', 344, 1),
(1383, 'Ejecutar el detalle de cada operación', 345, 0),
(1384, 'Simplificar antes de ejecutar', 345, 0),
(1385, 'Realizar un dibujo o diagrama', 345, 0),
(1386, 'todas son correctas', 345, 1),
(1387, 'Procesos', 346, 0),
(1388, 'Datos', 346, 0),
(1389, 'Estructuras de Control', 346, 0),
(1390, 'Todas son correctas', 346, 1),
(1391, 'Algo que se repite', 347, 0),
(1392, 'es una sentencia que ejecuta repetidas veces un trozo de código, hasta que la condición asignada a dicho bucle deja de cumplirse', 347, 1),
(1393, 'Todas con correctas', 347, 0),
(1394, 'Todas son incorrectas', 347, 0),
(1395, 'Es una situación complicada', 348, 0),
(1396, 'Es un enunciado en el cual tiene una incógnita el cual tiene una solución', 348, 0),
(1397, 'Los datos son la información altamente relacionados', 348, 1),
(1398, 'Todas son correctas', 348, 0),
(1399, 'desarrollar algoritmos con métodos ', 349, 0),
(1400, 'solicitar el nuevo dato y seleccionar donde desee insertar', 349, 1),
(1401, 'realizar algoritmos para crear datos', 349, 0),
(1402, 'A y C', 349, 0),
(1403, 'desarrollar algoritmos con métodos ', 350, 0),
(1404, 'realizar todo tipo de operaciones', 350, 0),
(1405, 'Desarrollar representaciones con elementos diferenciados', 350, 1),
(1406, 'todas con correctas', 350, 0);

-- --------------------------------------------------------

--
-- Estructura de tabla para la tabla `resultados`
--

CREATE TABLE `resultados` (
  `id_resultado` int(11) NOT NULL,
  `id_respuesta` int(11) NOT NULL,
  `id_aprendiz` int(11) NOT NULL
) ENGINE=InnoDB DEFAULT CHARSET=utf8 COLLATE=utf8_spanish_ci;

-- --------------------------------------------------------

--
-- Estructura de tabla para la tabla `usuarios`
--

CREATE TABLE `usuarios` (
  `id_usuario` int(11) NOT NULL,
  `usuario` varchar(30) COLLATE utf8_spanish_ci NOT NULL,
  `clave` int(11) NOT NULL,
  `id_aprendiz` int(11) NOT NULL
) ENGINE=InnoDB DEFAULT CHARSET=utf8 COLLATE=utf8_spanish_ci;

--
-- Índices para tablas volcadas
--

--
-- Indices de la tabla `aprendices`
--
ALTER TABLE `aprendices`
  ADD PRIMARY KEY (`id_aprendiz`),
  ADD KEY `aprendices_ibfk_1` (`id_ficha`);

--
-- Indices de la tabla `fichas`
--
ALTER TABLE `fichas`
  ADD PRIMARY KEY (`id_ficha`),
  ADD KEY `id_programa` (`id_programa`);

--
-- Indices de la tabla `juegos`
--
ALTER TABLE `juegos`
  ADD PRIMARY KEY (`id_juego`);

--
-- Indices de la tabla `preguntas`
--
ALTER TABLE `preguntas`
  ADD PRIMARY KEY (`id_pregunta`),
  ADD KEY `preguntas_ibfk_1` (`id_juego`);

--
-- Indices de la tabla `programas`
--
ALTER TABLE `programas`
  ADD PRIMARY KEY (`id_programa`);

--
-- Indices de la tabla `respuestas`
--
ALTER TABLE `respuestas`
  ADD PRIMARY KEY (`id_respuesta`),
  ADD KEY `id_pregunta` (`id_pregunta`);

--
-- Indices de la tabla `resultados`
--
ALTER TABLE `resultados`
  ADD PRIMARY KEY (`id_resultado`),
  ADD KEY `resultados_ibfk_1` (`id_aprendiz`),
  ADD KEY `resultados_ibfk_2` (`id_respuesta`);

--
-- Indices de la tabla `usuarios`
--
ALTER TABLE `usuarios`
  ADD PRIMARY KEY (`id_usuario`),
  ADD KEY `usuarios_ibfk_1` (`id_aprendiz`);

--
-- AUTO_INCREMENT de las tablas volcadas
--

--
-- AUTO_INCREMENT de la tabla `aprendices`
--
ALTER TABLE `aprendices`
  MODIFY `id_aprendiz` int(11) NOT NULL AUTO_INCREMENT;

--
-- AUTO_INCREMENT de la tabla `fichas`
--
ALTER TABLE `fichas`
  MODIFY `id_ficha` int(11) NOT NULL AUTO_INCREMENT;

--
-- AUTO_INCREMENT de la tabla `juegos`
--
ALTER TABLE `juegos`
  MODIFY `id_juego` int(11) NOT NULL AUTO_INCREMENT, AUTO_INCREMENT=8;

--
-- AUTO_INCREMENT de la tabla `preguntas`
--
ALTER TABLE `preguntas`
  MODIFY `id_pregunta` int(11) NOT NULL AUTO_INCREMENT, AUTO_INCREMENT=351;

--
-- AUTO_INCREMENT de la tabla `programas`
--
ALTER TABLE `programas`
  MODIFY `id_programa` int(11) NOT NULL AUTO_INCREMENT;

--
-- AUTO_INCREMENT de la tabla `respuestas`
--
ALTER TABLE `respuestas`
  MODIFY `id_respuesta` int(11) NOT NULL AUTO_INCREMENT, AUTO_INCREMENT=1407;

--
-- AUTO_INCREMENT de la tabla `resultados`
--
ALTER TABLE `resultados`
  MODIFY `id_resultado` int(11) NOT NULL AUTO_INCREMENT;

--
-- AUTO_INCREMENT de la tabla `usuarios`
--
ALTER TABLE `usuarios`
  MODIFY `id_usuario` int(11) NOT NULL AUTO_INCREMENT;

--
-- Restricciones para tablas volcadas
--

--
-- Filtros para la tabla `aprendices`
--
ALTER TABLE `aprendices`
  ADD CONSTRAINT `aprendices_ibfk_1` FOREIGN KEY (`id_ficha`) REFERENCES `fichas` (`id_ficha`) ON DELETE CASCADE ON UPDATE CASCADE;

--
-- Filtros para la tabla `fichas`
--
ALTER TABLE `fichas`
  ADD CONSTRAINT `fichas_ibfk_1` FOREIGN KEY (`id_programa`) REFERENCES `programas` (`id_programa`) ON DELETE CASCADE ON UPDATE CASCADE;

--
-- Filtros para la tabla `preguntas`
--
ALTER TABLE `preguntas`
  ADD CONSTRAINT `preguntas_ibfk_1` FOREIGN KEY (`id_juego`) REFERENCES `juegos` (`id_juego`) ON DELETE CASCADE ON UPDATE CASCADE;

--
-- Filtros para la tabla `respuestas`
--
ALTER TABLE `respuestas`
  ADD CONSTRAINT `respuestas_ibfk_1` FOREIGN KEY (`id_pregunta`) REFERENCES `preguntas` (`id_pregunta`) ON DELETE CASCADE ON UPDATE CASCADE;

--
-- Filtros para la tabla `resultados`
--
ALTER TABLE `resultados`
  ADD CONSTRAINT `resultados_ibfk_1` FOREIGN KEY (`id_aprendiz`) REFERENCES `aprendices` (`id_aprendiz`) ON DELETE CASCADE ON UPDATE CASCADE,
  ADD CONSTRAINT `resultados_ibfk_2` FOREIGN KEY (`id_respuesta`) REFERENCES `respuestas` (`id_respuesta`) ON DELETE CASCADE ON UPDATE CASCADE;

--
-- Filtros para la tabla `usuarios`
--
ALTER TABLE `usuarios`
  ADD CONSTRAINT `usuarios_ibfk_1` FOREIGN KEY (`id_aprendiz`) REFERENCES `aprendices` (`id_aprendiz`) ON DELETE CASCADE ON UPDATE CASCADE;
COMMIT;

/*!40101 SET CHARACTER_SET_CLIENT=@OLD_CHARACTER_SET_CLIENT */;
/*!40101 SET CHARACTER_SET_RESULTS=@OLD_CHARACTER_SET_RESULTS */;
/*!40101 SET COLLATION_CONNECTION=@OLD_COLLATION_CONNECTION */;
